"Code","Name"," ALL AGES","0.0","1-4","5-9","10-14","15-19","20-24","25-29","30-34","35-39","40-44","45-49","50-54","55-59","60-64","65-69","70-74","75-79","80-84","85+"
"","UNITED KINGDOM","56683835.0","748199.0","2886072.0","3460562.0","3682753.0","4456140.0","4744240.0","4223872.0","3783011.0","4157124.0","3553988.0","3133113.0","3019456.0","3059389.0","3068995.0","2647341.0","2372619.0","1834917.0","1135827.0","716217.0"
"","GREAT BRITAIN","55110334.0","720598.0","2779371.0","3330085.0","3552350.0","4312375.0","4611026.0","4107486.0","3682786.0","4058974.0","3461695.0","3053750.0","2944994.0","2985905.0","2997804.0","2585451.0","2319066.0","1794451.0","1112235.0","699932.0"
"","ENGLAND & WALES","49998574.0","654250.0","2522392.0","3017045.0","3209196.0","3889449.0","4171060.0","3713170.0","3338368.0","3698424.0","3157260.0","2767270.0","2663369.0","2705115.0","2724643.0","2354938.0","2114718.0","1637618.0","1017074.0","643215.0"
"","ENGLAND","47187643.0","617616.0","2379718.0","2845150.0","3024272.0","3672750.0","3950047.0","3520954.0","3161280.0","3495791.0","2981872.0","2611166.0","2511405.0","2549176.0","2559065.0","2209540.0","1989610.0","1542740.0","958276.0","607215.0"
"","WALES","2810931.0","36634.0","142674.0","171895.0","184924.0","216699.0","221013.0","192216.0","177088.0","202633.0","175388.0","156104.0","151964.0","155939.0","165578.0","145398.0","125108.0","94878.0","58798.0","36000.0"
"","SCOTLAND","5111760.0","66348.0","256979.0","313040.0","343154.0","422926.0","439966.0","394316.0","344418.0","360550.0","304435.0","286480.0","281625.0","280790.0","273161.0","230513.0","204348.0","156833.0","95161.0","56717.0"
"","NORTHERN IRELAND","1573501.0","27601.0","106701.0","130477.0","130403.0","143765.0","133214.0","116386.0","100225.0","98150.0","92293.0","79363.0","74462.0","73484.0","71191.0","61890.0","53553.0","40466.0","23592.0","16285.0"
"A","NORTH EAST","2594213.0","34488.0","133972.0","160774.0","175274.0","197775.0","210711.0","192498.0","172935.0","186444.0","155904.0","144892.0","144270.0","149777.0","150760.0","124805.0","104986.0","78587.0","47450.0","27911.0"
"B","NORTH WEST","6832680.0","92764.0","356829.0","420964.0","464330.0","531983.0","556049.0","494703.0","442479.0","493104.0","423070.0","381500.0","368119.0","376123.0","377426.0","322294.0","288968.0","222987.0","136517.0","82471.0"
"D","YORKSHIRE AND THE HUMBER","4883634.0","64415.0","247331.0","295552.0","327571.0","392178.0","402163.0","355694.0","319081.0","354418.0","300891.0","270523.0","261708.0","266187.0","269810.0","231586.0","207230.0","158774.0","98125.0","60397.0"
"E","EAST MIDLANDS","3907811.0","49992.0","197263.0","241200.0","264224.0","303987.0","315524.0","284770.0","262472.0","297414.0","255661.0","218342.0","207585.0","211602.0","213293.0","182338.0","159466.0","121980.0","74884.0","45814.0"
"F","WEST MIDLANDS","5179950.0","69506.0","268844.0","322250.0","356028.0","416629.0","421303.0","374577.0","339070.0","379359.0","336717.0","295987.0","281869.0","287145.0","285210.0","241059.0","206223.0","152917.0","91786.0","53471.0"
"G","EAST","4999268.0","63811.0","254693.0","313881.0","334104.0","379018.0","399215.0","367287.0","342714.0","389628.0","329394.0","278749.0","265948.0","265372.0","263392.0","229071.0","205973.0","157547.0","97517.0","61954.0"
"H","LONDON","6774202.0","96359.0","344563.0","378936.0","361190.0","497330.0","684438.0","591484.0","489455.0","494169.0","406168.0","360727.0","351367.0","356650.0","350443.0","295222.0","274238.0","217085.0","133929.0","90449.0"
"J","SOUTH EAST","7468272.0","92257.0","365322.0","451080.0","463649.0","600782.0","607178.0","545207.0","503140.0","570270.0","487589.0","414349.0","392107.0","389173.0","387929.0","345374.0","320210.0","256631.0","165865.0","110160.0"
"K","SOUTH WEST","4547613.0","54024.0","210901.0","260513.0","277902.0","353068.0","353466.0","314734.0","289934.0","330985.0","286478.0","246097.0","238432.0","247147.0","260802.0","237791.0","222316.0","176232.0","112203.0","74588.0"
"W","WALES","2810931.0","36634.0","142674.0","171895.0","184924.0","216699.0","221013.0","192216.0","177088.0","202633.0","175388.0","156104.0","151964.0","155939.0","165578.0","145398.0","125108.0","94878.0","58798.0","36000.0"
"00EB","HARTLEPOOL UA","91218.0","1297.0","5029.0","5899.0","6517.0","6989.0","7358.0","6734.0","6047.0","6359.0","5295.0","5237.0","5330.0","5348.0","5289.0","4150.0","3339.0","2538.0","1581.0","882.0"
"00EC","MIDDLESBROUGH UA","145477.0","2346.0","8841.0","10154.0","10376.0","12908.0","12759.0","11288.0","9701.0","9654.0","7912.0","7625.0","7624.0","8081.0","8049.0","6250.0","4927.0","3588.0","2197.0","1197.0"
"00EE","REDCAR & CLEVELAND UA","147822.0","2102.0","8073.0","9766.0","11304.0","11397.0","11971.0","10741.0","9589.0","10903.0","9703.0","8803.0","8093.0","8147.0","7899.0","6644.0","5422.0","3739.0","2246.0","1280.0"
"00EF","STOCKTON-ON-TEES UA","174738.0","2595.0","10281.0","12144.0","12806.0","12257.0","14695.0","14522.0","12612.0","13312.0","10731.0","9744.0","9646.0","9734.0","9211.0","7005.0","5618.0","4007.0","2395.0","1423.0"
"00EH","DARLINGTON UA","98787.0","1225.0","4949.0","6114.0","6504.0","6834.0","7375.0","7194.0","6707.0","7313.0","6026.0","5642.0","5396.0","5610.0","5863.0","4964.0","4337.0","3349.0","2107.0","1278.0"
"00ET","HALTON UA","124425.0","1986.0","7520.0","9282.0","10049.0","9846.0","10225.0","9733.0","9094.0","9681.0","7601.0","6499.0","6168.0","6168.0","6010.0","5015.0","4159.0","2923.0","1618.0","848.0"
"00EU","WARRINGTON UA","177602.0","2403.0","9517.0","11362.0","12482.0","13423.0","14939.0","13693.0","12086.0","13616.0","12008.0","10574.0","9543.0","9237.0","8916.0","7689.0","6565.0","4950.0","2943.0","1656.0"
"00EX","BLACKBURN WITH DARWEN UA","139773.0","2258.0","8752.0","10051.0","10798.0","10975.0","11093.0","10539.0","9165.0","9691.0","7877.0","7183.0","6852.0","7026.0","7038.0","5951.0","5584.0","4540.0","2778.0","1622.0"
"00EY","BLACKPOOL UA","148876.0","1751.0","5825.0","7006.0","8033.0","10363.0","11101.0","9577.0","8136.0","9749.0","9017.0","8525.0","8492.0","9111.0","9852.0","9063.0","8694.0","7067.0","4449.0","3065.0"
"00FA","KINGSTON UPON HULL, CITY OF UA","265980.0","4004.0","14271.0","16263.0","18344.0","24342.0","25401.0","20650.0","16991.0","17591.0","13775.0","13103.0","13549.0","14108.0","14475.0","12248.0","10850.0","8187.0","4837.0","2991.0"
"00FB","EAST RIDING OF YORKSHIRE UA","276345.0","3094.0","12547.0","16422.0","19569.0","19278.0","17667.0","17132.0","17952.0","21519.0","19059.0","16935.0","16159.0","16185.0","15866.0","13983.0","12977.0","9916.0","6202.0","3883.0"
"00FC","NORTH EAST LINCOLNSHIRE UA","160996.0","2349.0","8828.0","10087.0","11798.0","12766.0","12982.0","11947.0","10465.0","11491.0","9748.0","9087.0","8745.0","8718.0","8698.0","7485.0","6514.0","4817.0","2777.0","1694.0"
"00FD","NORTH LINCOLNSHIRE UA","150071.0","1957.0","7786.0","9700.0","11092.0","11066.0","11349.0","10668.0","9963.0","11595.0","9872.0","8787.0","8313.0","8512.0","8431.0","7005.0","5753.0","4235.0","2559.0","1428.0"
"00FF","YORK UA","170129.0","2036.0","7906.0","9303.0","9938.0","14946.0","14604.0","12820.0","11237.0","12545.0","10428.0","9402.0","8976.0","9157.0","9464.0","8120.0","7515.0","5934.0","3600.0","2198.0"
"00FK","DERBY UA","218580.0","3179.0","11825.0","13777.0","15027.0","17431.0","19084.0","16328.0","13786.0","14580.0","12617.0","11573.0","11529.0","12286.0","12395.0","10406.0","9025.0","7015.0","4222.0","2495.0"
"00FN","LEICESTER UA","283038.0","4629.0","17287.0","18496.0","17729.0","26612.0","27332.0","22818.0","19468.0","17450.0","14121.0","13091.0","13178.0","14180.0","14519.0","12184.0","11040.0","9081.0","5968.0","3855.0"
"00FP","RUTLAND UA","33440.0","404.0","1544.0","2100.0","1898.0","3952.0","2520.0","2398.0","2329.0","2612.0","2397.0","1977.0","1762.0","1647.0","1543.0","1324.0","1158.0","895.0","547.0","433.0"
"00FY","NOTTINGHAM UA","279151.0","4024.0","14465.0","15432.0","16521.0","28200.0","30875.0","21729.0","17222.0","16546.0","14031.0","13472.0","13752.0","15083.0","15521.0","13000.0","11634.0","9058.0","5286.0","3300.0"
"00GA","HEREFORDSHIRE UA","153916.0","1802.0","7193.0","8737.0","10203.0","11478.0","10882.0","10533.0","9862.0","11420.0","9900.0","8750.0","8393.0","8830.0","9081.0","7973.0","7369.0","5595.0","3672.0","2243.0"
"00GF","TELFORD AND WREKIN UA","131522.0","1942.0","7624.0","9367.0","10411.0","11105.0","11023.0","9788.0","9475.0","10655.0","9126.0","7553.0","6429.0","6062.0","5737.0","4917.0","4326.0","3145.0","1789.0","1048.0"
"00GL","STOKE-ON-TRENT UA","248064.0","3301.0","12803.0","14630.0","16375.0","19331.0","20154.0","18489.0","16196.0","17372.0","14686.0","13160.0","13284.0","14701.0","15257.0","12743.0","10781.0","7865.0","4397.0","2539.0"
"00HA","BATH & NORTH EAST SOMERSET UA","161470.0","1761.0","6797.0","8519.0","9035.0","14604.0","13116.0","11064.0","10005.0","11426.0","10039.0","8899.0","8810.0","9236.0","9454.0","8499.0","7552.0","6043.0","3843.0","2768.0"
"00HB","BRISTOL, CITY OF UA","399607.0","5503.0","19293.0","21825.0","20740.0","33964.0","41632.0","32758.0","26982.0","26901.0","22528.0","19683.0","19458.0","20829.0","21910.0","19444.0","17646.0","13744.0","8781.0","5986.0"
"00HC","NORTH SOMERSET UA","174105.0","1980.0","8171.0","10293.0","11895.0","12827.0","11535.0","10671.0","11200.0","13514.0","11931.0","9953.0","9202.0","9018.0","9938.0","9100.0","8442.0","6748.0","4595.0","3092.0"
"00HD","SOUTH GLOUCESTERSHIRE UA","211982.0","2705.0","10573.0","13554.0","15284.0","16261.0","16921.0","16127.0","15012.0","17300.0","15402.0","13203.0","12267.0","11333.0","10257.0","8215.0","7045.0","5302.0","3164.0","2057.0"
"00HG","PLYMOUTH UA","257057.0","3463.0","13006.0","15368.0","15370.0","23242.0","26060.0","21278.0","16916.0","18316.0","15081.0","12959.0","12614.0","12532.0","12809.0","11662.0","10377.0","8020.0","4730.0","3254.0"
"00HH","TORBAY UA","118306.0","1286.0","4662.0","5845.0","6696.0","7696.0","7714.0","6566.0","6496.0","7767.0","7078.0","6323.0","6253.0","6394.0","7361.0","7595.0","7940.0","6837.0","4684.0","3113.0"
"00HN","BOURNEMOUTH UA","154260.0","1515.0","5814.0","6751.0","7464.0","12358.0","11611.0","9795.0","8689.0","9218.0","8233.0","7617.0","7778.0","8743.0","9715.0","9495.0","10032.0","8693.0","6199.0","4540.0"
"00HP","POOLE UA","127058.0","1531.0","5763.0","6990.0","7767.0","8514.0","9831.0","8637.0","7690.0","9235.0","7917.0","6741.0","6815.0","6972.0","7285.0","7031.0","6758.0","5490.0","3729.0","2362.0"
"00HX","SWINDON UA","162747.0","2366.0","9048.0","10222.0","11330.0","11955.0","15438.0","14269.0","12023.0","11756.0","9951.0","8821.0","8324.0","8551.0","8366.0","6521.0","5461.0","4069.0","2643.0","1633.0"
"00JA","PETERBOROUGH UA","147987.0","2276.0","8996.0","10726.0","10426.0","12018.0","13173.0","12112.0","10770.0","10981.0","8695.0","7586.0","7552.0","7302.0","7016.0","6054.0","5026.0","3764.0","2231.0","1283.0"
"00KA","LUTON UA","166739.0","2967.0","10499.0","11914.0","11563.0","13213.0","15948.0","14477.0","11662.0","11533.0","9940.0","9342.0","8766.0","8271.0","7275.0","5910.0","5520.0","4101.0","2452.0","1386.0"
"00KF","SOUTHEND UA","156574.0","2054.0","7260.0","8543.0","9170.0","10234.0","11819.0","10329.0","9478.0","10742.0","9103.0","7593.0","7705.0","8559.0","9396.0","9311.0","9290.0","7487.0","4977.0","3524.0"
"00KG","THURROCK UA","124408.0","1842.0","6705.0","8134.0","9114.0","9518.0","10638.0","9727.0","8503.0","10088.0","8035.0","6645.0","6242.0","6862.0","7174.0","5419.0","4165.0","2854.0","1728.0","1015.0"
"00LC","MEDWAY UA","240972.0","3714.0","14257.0","16769.0","16966.0","17421.0","22693.0","20622.0","17807.0","19580.0","15594.0","12982.0","11748.0","11026.0","10758.0","9494.0","8073.0","5886.0","3443.0","2139.0"
"00MA","BRACKNELL FOREST UA","88109.0","1361.0","5338.0","6340.0","5822.0","7097.0","7963.0","8040.0","7101.0","7464.0","6066.0","4757.0","4302.0","3983.0","3616.0","2859.0","2348.0","1796.0","1185.0","671.0"
"00MB","WEST BERKSHIRE UA","132883.0","1877.0","7076.0","9049.0","8809.0","11540.0","11134.0","10603.0","10256.0","11083.0","9404.0","7452.0","6745.0","6246.0","5873.0","4876.0","4265.0","3328.0","1982.0","1285.0"
"00MC","READING UA","137341.0","2041.0","7095.0","7732.0","7412.0","12868.0","16414.0","12117.0","9561.0","9401.0","7850.0","6932.0","6430.0","6541.0","6386.0","5437.0","5081.0","3999.0","2469.0","1575.0"
"00MD","SLOUGH UA","102936.0","1744.0","6334.0","7073.0","6577.0","7955.0","10198.0","9421.0","7794.0","7032.0","5710.0","4951.0","5178.0","5351.0","5173.0","4258.0","3411.0","2535.0","1345.0","896.0"
"00ME","WINDSOR AND MAIDENHEAD UA","136842.0","1589.0","6462.0","8207.0","7610.0","12667.0","10293.0","9776.0","9498.0","11112.0","9734.0","8565.0","7918.0","7749.0","6989.0","5651.0","5121.0","3770.0","2541.0","1590.0"
"00MF","WOKINGHAM UA","136019.0","1782.0","7307.0","9257.0","9809.0","11630.0","11740.0","11449.0","10318.0","12322.0","10365.0","8489.0","7383.0","6233.0","5071.0","4033.0","3355.0","2625.0","1736.0","1115.0"
"00MG","MILTON KEYNES UA","157139.0","2755.0","11425.0","13298.0","12334.0","10620.0","14202.0","14674.0","14204.0","13839.0","10252.0","7690.0","6022.0","5777.0","5545.0","4702.0","4021.0","2987.0","1658.0","1134.0"
"00ML","BRIGHTON AND HOVE UA","235255.0","2688.0","9389.0","10623.0","9643.0","18494.0","21923.0","17489.0","15115.0","15769.0","13209.0","11705.0","11361.0","12465.0","13479.0","13010.0","13501.0","11679.0","8009.0","5704.0"
"00MR","PORTSMOUTH UA","188049.0","2653.0","8839.0","9337.0","8672.0","16596.0","21901.0","16553.0","12298.0","12562.0","10382.0","8838.0","8464.0","8953.0","9809.0","9356.0","8534.0","6840.0","4384.0","3078.0"
"00MS","SOUTHAMPTON UA","204195.0","2660.0","10179.0","11778.0","12353.0","17675.0","20550.0","15649.0","13206.0","14052.0","11778.0","10276.0","10132.0","10759.0","11202.0","9728.0","8720.0","6583.0","4032.0","2883.0"
"00MW","ISLE OF WIGHT UA","122964.0","1287.0","5180.0","6607.0","7748.0","8108.0","7670.0","7045.0","7067.0","8567.0","7706.0","6551.0","6422.0","6840.0","7977.0","7841.0","7666.0","6169.0","3939.0","2574.0"
"00NA","ISLE OF ANGLESEY UA","69410.0","793.0","3672.0","4611.0","5149.0","5294.0","5128.0","4636.0","4474.0","5030.0","4443.0","3861.0","3642.0","3650.0","3835.0","3440.0","3042.0","2301.0","1495.0","914.0"
"00NC","GWYNEDD UA","111748.0","1337.0","5025.0","6451.0","7055.0","8865.0","9043.0","7124.0","6408.0","7374.0","6659.0","6101.0","6070.0","6449.0","6760.0","6093.0","5628.0","4524.0","2939.0","1843.0"
"00NE","CONWY UA","101406.0","1116.0","4265.0","5384.0","5472.0","7390.0","6596.0","5757.0","5406.0","6468.0","5785.0","5355.0","5508.0","5871.0","6538.0","6416.0","6361.0","5531.0","3761.0","2426.0"
"00NG","DENBIGHSHIRE UA","87293.0","1029.0","3817.0","4742.0","5327.0","6505.0","6050.0","5343.0","5036.0","5908.0","5167.0","4704.0","4535.0","4851.0","5272.0","5212.0","5119.0","4208.0","2694.0","1774.0"
"00NJ","FLINTSHIRE UA","138032.0","1716.0","7095.0","9026.0","10372.0","10718.0","10976.0","9518.0","9139.0","11277.0","9630.0","8242.0","7233.0","6972.0","6949.0","6171.0","5391.0","4025.0","2284.0","1298.0"
"00NL","WREXHAM UA","121851.0","1545.0","6471.0","7834.0","8581.0","9798.0","9195.0","8256.0","7976.0","9239.0","7924.0","6643.0","6346.0","6465.0","6777.0","5970.0","5061.0","3846.0","2430.0","1494.0"
"00NN","POWYS UA","113406.0","1318.0","5268.0","6743.0","7045.0","8139.0","7666.0","7311.0","7224.0","8353.0","7303.0","6390.0","6395.0","6579.0","7009.0","6335.0","5588.0","4409.0","2720.0","1611.0"
"00NQ","CEREDIGION UA","62344.0","676.0","2684.0","3316.0","3027.0","5629.0","5958.0","3972.0","3572.0","4344.0","3788.0","3359.0","3254.0","3375.0","3802.0","3525.0","3170.0","2403.0","1487.0","1003.0"
"00NS","PEMBROKESHIRE UA","109579.0","1362.0","5674.0","7061.0","7401.0","7757.0","8042.0","7146.0","6942.0","8035.0","7139.0","6388.0","6367.0","6343.0","6505.0","5764.0","4790.0","3417.0","2161.0","1285.0"
"00NU","CARMARTHENSHIRE UA","163645.0","1952.0","7748.0","9483.0","10312.0","10969.0","10798.0","10057.0","9755.0","11410.0","10373.0","9321.0","9422.0","10016.0","11016.0","9950.0","8580.0","6363.0","3837.0","2283.0"
"00NX","SWANSEA UA","227186.0","2889.0","11341.0","13785.0","14273.0","18178.0","18353.0","15604.0","14071.0","16027.0","13788.0","12553.0","12669.0","12876.0","13369.0","11829.0","10261.0","7701.0","4721.0","2898.0"
"00NZ","NEATH PORT TALBOT UA","138697.0","1819.0","7015.0","8386.0","9153.0","9874.0","10100.0","9244.0","8566.0","9905.0","8639.0","7749.0","7673.0","8076.0","8865.0","7771.0","6556.0","4843.0","2848.0","1615.0"
"00PB","BRIDGEND UA","128688.0","1728.0","6568.0","7930.0","8924.0","9934.0","9968.0","9063.0","8385.0","9491.0","8301.0","7488.0","6964.0","6930.0","7444.0","6418.0","5458.0","4019.0","2387.0","1288.0"
"00PD","THE VALE OF GLAMORGAN UA","116637.0","1569.0","6213.0","7563.0","7880.0","8494.0","9348.0","8380.0","7916.0","8973.0","7559.0","6640.0","6150.0","6296.0","6510.0","5438.0","4587.0","3336.0","2193.0","1592.0"
"00PF","RHONDDA, CYNON, TAFF UA","231999.0","3183.0","12453.0","14706.0","16134.0","17522.0","18027.0","15893.0","14719.0","16995.0","14678.0","12855.0","12416.0","12629.0","14071.0","12089.0","9805.0","7215.0","4258.0","2351.0"
"00PH","MERTHYR TYDFIL UA","58501.0","895.0","3314.0","3541.0","3881.0","4391.0","4592.0","4201.0","3600.0","4018.0","3391.0","3278.0","3162.0","3231.0","3663.0","3119.0","2527.0","1876.0","1121.0","700.0"
"00PK","CAERPHILLY UA","168542.0","2425.0","9551.0","11212.0","12420.0","12725.0","13086.0","11959.0","11247.0","12954.0","11118.0","9669.0","9063.0","8958.0","9281.0","7763.0","6277.0","4642.0","2651.0","1541.0"
"00PL","BLAENAU GWENT UA","73348.0","975.0","3713.0","4307.0","5006.0","5727.0","5858.0","5013.0","4374.0","5100.0","4537.0","4050.0","3946.0","3971.0","4409.0","4025.0","3346.0","2579.0","1504.0","908.0"
"00PM","TORFAEN UA","89935.0","1253.0","4791.0","5843.0","6313.0","6803.0","7098.0","6347.0","6022.0","6684.0","5689.0","4965.0","4923.0","5051.0","5304.0","4479.0","3475.0","2491.0","1525.0","879.0"
"00PP","MONMOUTHSHIRE UA","78986.0","924.0","3672.0","4824.0","4991.0","6299.0","5630.0","5010.0","5154.0","6247.0","5614.0","4768.0","4473.0","4494.0","4603.0","3871.0","3261.0","2516.0","1595.0","1040.0"
"00PR","NEWPORT UA","133257.0","1986.0","7164.0","8088.0","8811.0","10773.0","11486.0","9791.0","8306.0","9233.0","8178.0","7579.0","7407.0","7656.0","7589.0","6234.0","5171.0","3876.0","2433.0","1496.0"
"00PT","CARDIFF UA","286441.0","4144.0","15160.0","17059.0","17397.0","24915.0","28015.0","22591.0","18796.0","19568.0","15685.0","14146.0","14346.0","15200.0","16007.0","13486.0","11654.0","8757.0","5754.0","3761.0"
"1.0","GREATER LONDON","6774202.0","96359.0","344563.0","378936.0","361190.0","497330.0","684438.0","591484.0","489455.0","494169.0","406168.0","360727.0","351367.0","356650.0","350443.0","295222.0","274238.0","217085.0","133929.0","90449.0"
"2.0","GREATER MANCHESTER","2554329.0","36454.0","137551.0","158369.0","171730.0","202403.0","219558.0","190384.0","166957.0","184219.0","156976.0","140140.0","133062.0","135389.0","138490.0","118104.0","105642.0","81009.0","48855.0","29037.0"
"3.0","MERSEYSIDE","1465080.0","20214.0","77024.0","89771.0","100159.0","117802.0","123061.0","107414.0","93365.0","98562.0","84293.0","80106.0","81675.0","84286.0","81690.0","69208.0","61890.0","47210.0","28867.0","18483.0"
"4.0","SOUTH YORKSHIRE","1294089.0","16684.0","63139.0","75019.0","85438.0","103942.0","109327.0","97033.0","84350.0","92052.0","80394.0","72151.0","69854.0","71227.0","73815.0","63611.0","55363.0","41450.0","24857.0","14383.0"
"5.0","TYNE & WEAR","1135510.0","15214.0","57357.0","67293.0","73323.0","88520.0","95395.0","85964.0","75027.0","78261.0","64921.0","61582.0","63138.0","66791.0","67615.0","56640.0","47675.0","35748.0","21927.0","13119.0"
"6.0","WEST MIDLANDS","2637829.0","37835.0","141719.0","164400.0","180757.0","218910.0","227868.0","193550.0","166452.0","178058.0","159557.0","145649.0","143026.0","148405.0","148190.0","125872.0","106273.0","78238.0","46379.0","26691.0"
"7.0","WEST YORKSHIRE","2044734.0","28490.0","109450.0","129237.0","139874.0","164858.0","172285.0","150337.0","135224.0","148113.0","123577.0","110825.0","107172.0","109010.0","109848.0","93062.0","83660.0","64307.0","40195.0","25210.0"
"9.0","BEDFORDSHIRE","349047.0","4944.0","19310.0","23665.0","24359.0","25629.0","29006.0","27961.0","25538.0","28996.0","24180.0","20155.0","18503.0","17363.0","16551.0","13456.0","11683.0","8777.0","5563.0","3408.0"
"11.0","BUCKINGHAMSHIRE","448877.0","5445.0","22375.0","28996.0","30934.0","36831.0","33509.0","31814.0","30751.0","37153.0","33008.0","28338.0","26340.0","24103.0","21900.0","17364.0","15390.0","12108.0","7667.0","4851.0"
"12.0","CAMBRIDGESHIRE","482719.0","6206.0","24786.0","30258.0","31096.0","39043.0","45125.0","37016.0","35005.0","38930.0","32033.0","25990.0","23712.0","23122.0","22915.0","19826.0","18459.0","14409.0","9125.0","5663.0"
"13.0","CHESHIRE","644041.0","7891.0","31419.0","38979.0","44241.0","48671.0","47993.0","44843.0","42382.0","50581.0","44824.0","39368.0","36698.0","37086.0","35313.0","29378.0","25645.0","19495.0","11977.0","7257.0"
"15.0","CORNWALL & ISLES OF SCILLY","449480.0","5205.0","20685.0","26328.0","29116.0","29439.0","30069.0","28614.0","27625.0","33848.0","29377.0","25301.0","24815.0","26060.0","27494.0","25211.0","23414.0","18315.0","11505.0","7059.0"
"16.0","CUMBRIA","483907.0","5679.0","22955.0","28348.0","31648.0","36075.0","35518.0","33887.0","31311.0","35788.0","30691.0","27816.0","27036.0","27912.0","28624.0","25139.0","21934.0","16762.0","10415.0","6369.0"
"17.0","DERBYSHIRE","699527.0","8279.0","33182.0","41384.0","47056.0","50674.0","51317.0","48878.0","46618.0","55049.0","48611.0","40765.0","38516.0","39406.0","40188.0","34901.0","29893.0","22766.0","13876.0","8168.0"
"18.0","DEVON","624531.0","6824.0","26865.0","33961.0","37579.0","46797.0","43402.0","38532.0","37234.0","43763.0","39364.0","33338.0","33059.0","34966.0","38301.0","36007.0","34920.0","28507.0","18488.0","12624.0"
"19.0","DORSET","354891.0","3742.0","15233.0","19758.0","20109.0","26361.0","23180.0","22684.0","21377.0","25214.0","21735.0","18489.0","18137.0","19703.0","22475.0","22029.0","21253.0","16744.0","10061.0","6607.0"
"20.0","DURHAM","499841.0","6174.0","24695.0","30470.0","33878.0","38764.0","39926.0","35057.0","32857.0","37103.0","31666.0","28995.0","28113.0","28897.0","29075.0","24157.0","20435.0","15519.0","8927.0","5133.0"
"21.0","EAST SUSSEX","450786.0","4534.0","19418.0","24246.0","24597.0","31824.0","28091.0","25757.0","25714.0","30869.0","26664.0","22797.0","22273.0","23572.0","27002.0","28701.0","29717.0","25358.0","17333.0","12319.0"
"22.0","ESSEX","1231897.0","15108.0","61735.0","77490.0","85825.0","91955.0","94528.0","89155.0","84332.0","99035.0","84300.0","70623.0","66763.0","65596.0","64242.0","56029.0","49750.0","37571.0","23325.0","14535.0"
"23.0","GLOUCESTERSHIRE","518377.0","6274.0","25024.0","30744.0","33281.0","41026.0","40376.0","36214.0","34085.0","38779.0","34075.0","29151.0","27430.0","28382.0","29426.0","25495.0","22760.0","17604.0","11109.0","7142.0"
"24.0","HAMPSHIRE","1143241.0","14457.0","58455.0","72109.0","76502.0","91213.0","94566.0","87580.0","79788.0","91601.0","77554.0","65170.0","60465.0","58159.0","56159.0","48278.0","42944.0","33341.0","21506.0","13394.0"
"26.0","HERTFORDSHIRE","984086.0","12195.0","48525.0","61239.0","65201.0","78115.0","77093.0","73998.0","68406.0","77151.0","65923.0","56897.0","56401.0","55712.0","52567.0","42703.0","36822.0","27578.0","16598.0","10962.0"
"29.0","KENT","1259655.0","15444.0","59870.0","76264.0","82929.0","100349.0","92800.0","85367.0","81015.0","94998.0","82777.0","70900.0","67070.0","67426.0","68836.0","62332.0","57054.0","45570.0","29495.0","19159.0"
"30.0","LANCASHIRE","1094647.0","14128.0","56266.0","67796.0","75190.0","82425.0","82561.0","74633.0","69983.0","81217.0","69783.0","61289.0","58593.0","59908.0","61493.0","52747.0","48855.0","39031.0","24615.0","14134.0"
"31.0","LEICESTERSHIRE","551531.0","6702.0","27415.0","34925.0","38810.0","41122.0","42370.0","40126.0","38527.0","45936.0","38971.0","32536.0","30453.0","29816.0","28237.0","23387.0","20853.0","15802.0","9717.0","5826.0"
"32.0","LINCOLNSHIRE","564082.0","6598.0","26487.0","33745.0","37575.0","39576.0","41349.0","38193.0","36293.0","43088.0","37743.0","32490.0","30998.0","32000.0","33615.0","29856.0","26193.0","19416.0","11708.0","7159.0"
"33.0","NORFOLK","727510.0","8313.0","33478.0","42112.0","46430.0","53103.0","53566.0","48346.0","45684.0","54242.0","47195.0","40543.0","38826.0","40195.0","42552.0","39115.0","36534.0","28633.0","17493.0","11150.0"
"34.0","NORTHAMPTONSHIRE","554239.0","7422.0","29816.0","37159.0","39382.0","43045.0","44047.0","41200.0","38870.0","45223.0","37588.0","30105.0","27302.0","27161.0","27367.0","23946.0","21261.0","16315.0","10408.0","6622.0"
"35.0","NORTHUMBERLAND","300820.0","3535.0","14747.0","18934.0","20566.0","20106.0","21232.0","20998.0","20395.0","23539.0","19650.0","17264.0","16930.0","17169.0","17759.0","14995.0","13233.0","10099.0","6070.0","3599.0"
"36.0","NORTH YORKSHIRE","521290.0","5801.0","23404.0","29521.0","31518.0","40980.0","38548.0","35107.0","32899.0","39512.0","34038.0","30233.0","28940.0","29270.0","29213.0","26072.0","24598.0","19928.0","13098.0","8610.0"
"37.0","NOTTINGHAMSHIRE","724223.0","8755.0","35242.0","44182.0","50226.0","53375.0","56630.0","53100.0","49359.0","56930.0","49582.0","42333.0","40095.0","40023.0","39908.0","33334.0","28409.0","21632.0","13152.0","7956.0"
"38.0","OXFORDSHIRE","568486.0","7342.0","29134.0","34947.0","32310.0","52828.0","59155.0","46243.0","40382.0","43595.0","36145.0","30431.0","28141.0","27062.0","26084.0","22406.0","20176.0","15991.0","9700.0","6414.0"
"39.0","SHROPSHIRE","263090.0","3032.0","12015.0","15660.0","16613.0","21798.0","19721.0","18063.0","16903.0","20050.0","18010.0","15561.0","14471.0","14464.0","14670.0","12805.0","11452.0","8920.0","5556.0","3326.0"
"40.0","SOMERSET","448997.0","5123.0","20943.0","26918.0","28723.0","35907.0","31339.0","28815.0","28697.0","33961.0","28517.0","24541.0","23414.0","24693.0","26174.0","23570.0","22380.0","17233.0","10766.0","7283.0"
"41.0","STAFFORDSHIRE","770351.0","9803.0","39288.0","48420.0","55048.0","58287.0","58956.0","55581.0","53646.0","63648.0","55878.0","47376.0","42776.0","41632.0","39883.0","32484.0","27673.0","20522.0","12403.0","7047.0"
"42.0","SUFFOLK","628301.0","7906.0","33399.0","39800.0","40920.0","46190.0","48319.0","44166.0","43336.0","47930.0","39990.0","33375.0","31478.0","32390.0","33704.0","31248.0","28724.0","22373.0","14025.0","9028.0"
"43.0","SURREY","1016572.0","11271.0","45919.0","58936.0","61513.0","83470.0","75215.0","69407.0","67572.0","78831.0","70186.0","60581.0","59506.0","59064.0","55715.0","46451.0","42743.0","34006.0","21999.0","14187.0"
"44.0","WARWICKSHIRE","481893.0","5778.0","23223.0","28920.0","32951.0","38072.0","36850.0","34695.0","32363.0","37634.0","34431.0","28715.0","26834.0","26687.0","26346.0","21957.0","18737.0","14040.0","8438.0","5222.0"
"45.0","WEST SUSSEX","697951.0","7613.0","31270.0","39512.0","41109.0","51596.0","47161.0","45601.0","43693.0","50440.0","43205.0","36944.0","36207.0","37864.0","40355.0","38597.0","38090.0","32060.0","21442.0","15192.0"
"46.0","WILTSHIRE","384745.0","4746.0","19024.0","23437.0","23513.0","32117.0","31242.0","28710.0","25903.0","29987.0","25250.0","21078.0","20056.0","19735.0","19837.0","17917.0","16336.0","12883.0","7906.0","5068.0"
"47.0","WORCESTERSHIRE","493285.0","6013.0","24979.0","32116.0","33670.0","37648.0","35849.0","33878.0","34173.0","40522.0","35129.0","29223.0","26656.0","26364.0","26046.0","22308.0","19612.0","14592.0","9152.0","5355.0"
"00AA","CITY OF LONDON","6483.0","53.0","153.0","218.0","170.0","553.0","444.0","421.0","508.0","650.0","514.0","349.0","434.0","571.0","518.0","285.0","256.0","210.0","98.0","78.0"
"00AB","BARKING & DAGENHAM","157347.0","2252.0","8340.0","9602.0","9878.0","11412.0","13673.0","12337.0","10174.0","10131.0","8254.0","7418.0","7970.0","9277.0","10132.0","8385.0","7332.0","5407.0","3270.0","2103.0"
"00AC","BARNET","296410.0","3983.0","14871.0","16953.0","16565.0","20985.0","26974.0","23666.0","21566.0","22299.0","18308.0","15550.0","15100.0","15368.0","15311.0","13450.0","13236.0","10790.0","7011.0","4424.0"
"00AD","BEXLEY","218393.0","2838.0","10945.0","12926.0","14654.0","15557.0","17522.0","17247.0","15038.0","16931.0","14556.0","12757.0","12226.0","12155.0","11387.0","9627.0","8696.0","6821.0","4046.0","2464.0"
"00AE","BRENT","246440.0","3848.0","13739.0","14649.0","13434.0","19357.0","26594.0","22293.0","18012.0","16999.0","14275.0","13800.0","13403.0","12679.0","11432.0","9512.0","8903.0","6813.0","4109.0","2589.0"
"00AF","BROMLEY","295373.0","3393.0","12852.0","16109.0","17860.0","21537.0","22556.0","20681.0","19729.0","23216.0","19885.0","17113.0","17337.0","17818.0","17427.0","14616.0","12859.0","10049.0","6210.0","4126.0"
"00AG","CAMDEN","180941.0","2224.0","7708.0","7640.0","4191.0","12883.0","25205.0","19830.0","14406.0","13726.0","10823.0","8929.0","8568.0","8799.0","8751.0","7714.0","7182.0","5937.0","3722.0","2703.0"
"00AH","CROYDON","316984.0","4486.0","16501.0","19100.0","19506.0","23452.0","28774.0","25683.0","22890.0","24678.0","20484.0","17835.0","17185.0","16828.0","15962.0","12720.0","11608.0","9363.0","5866.0","4063.0"
"00AJ","EALING","292384.0","4245.0","16014.0","17538.0","16156.0","20330.0","30150.0","26778.0","22958.0","21563.0","17609.0","15851.0","14914.0","14541.0","14172.0","11599.0","10833.0","8491.0","5118.0","3524.0"
"00AK","ENFIELD","262372.0","3456.0","13438.0","15330.0","16442.0","19208.0","22028.0","20351.0","18149.0","19420.0","16717.0","14914.0","14196.0","14044.0","13416.0","11529.0","11126.0","9099.0","5607.0","3902.0"
"00AL","GREENWICH","214377.0","3369.0","11924.0","13493.0","13095.0","16640.0","20432.0","18401.0","15419.0","15057.0","12265.0","10326.0","10171.0","10647.0","11381.0","9918.0","8742.0","6629.0","3918.0","2550.0"
"00AM","HACKNEY","184118.0","3249.0","11531.0","12208.0","10373.0","13593.0","19855.0","17390.0","13994.0","12024.0","9254.0","8714.0","9042.0","9125.0","8848.0","7340.0","6782.0","5408.0","3269.0","2119.0"
"00AN","HAMMERSMITH & FULHAM","151775.0","2060.0","6723.0","6636.0","5519.0","11106.0","19984.0","15600.0","12303.0","11485.0","8846.0","7720.0","7076.0","7105.0","7218.0","6371.0","6184.0","4856.0","2870.0","2113.0"
"00AP","HARINGEY","201163.0","3158.0","10411.0","10879.0","10601.0","16183.0","23191.0","18822.0","15199.0","14813.0","12001.0","10806.0","10338.0","9686.0","8872.0","7273.0","6942.0","5701.0","3680.0","2607.0"
"00AQ","HARROW","206604.0","2722.0","10422.0","12413.0","12395.0","15032.0","17385.0","16369.0","14669.0","15486.0","13627.0","12141.0","11278.0","10664.0","9790.0","8568.0","8686.0","7378.0","4510.0","3069.0"
"00AR","HAVERING","238287.0","2762.0","11220.0","14123.0","16433.0","17882.0","17615.0","17200.0","15836.0","18580.0","15629.0","13636.0","14036.0","15056.0","14645.0","11519.0","9296.0","6527.0","3960.0","2332.0"
"00AS","HILLINGDON","232253.0","3142.0","11814.0","13565.0","12836.0","16897.0","21488.0","19604.0","16121.0","16788.0","14370.0","13007.0","13019.0","13069.0","12645.0","10275.0","9432.0","7217.0","4261.0","2703.0"
"00AT","HOUNSLOW","195630.0","3015.0","10552.0","11813.0","11193.0","14356.0","18690.0","16655.0","14672.0","14739.0","11952.0","10673.0","10239.0","9999.0","9600.0","7913.0","7419.0","6010.0","3755.0","2385.0"
"00AU","ISLINGTON","165143.0","2451.0","8581.0","8472.0","7236.0","11236.0","20643.0","16522.0","12815.0","11840.0","9337.0","8168.0","8152.0","8525.0","8439.0","6795.0","6220.0","4748.0","2939.0","2024.0"
"00AW","KENSINGTON & CHELSEA","144415.0","1817.0","5367.0","5170.0","2931.0","10872.0","20923.0","16503.0","12604.0","12072.0","9726.0","7960.0","6821.0","6414.0","6106.0","5302.0","4943.0","4159.0","2802.0","1923.0"
"00AX","KINGSTON UPON THAMES","132074.0","1718.0","6033.0","7149.0","7357.0","9025.0","10483.0","10560.0","9445.0","10974.0","8733.0","7312.0","6721.0","6822.0","7114.0","6364.0","6130.0","4934.0","3104.0","2096.0"
"00AY","LAMBETH","251317.0","3986.0","13349.0","13125.0","11084.0","19154.0","33765.0","25950.0","18773.0","16829.0","12848.0","12125.0","12009.0","12551.0","12163.0","10150.0","9075.0","6975.0","4258.0","3148.0"
"00AZ","LEWISHAM","238521.0","3449.0","11975.0","12734.0","12362.0","19120.0","27433.0","22010.0","16189.0","15415.0","12941.0","11900.0","11672.0","12294.0","12307.0","10831.0","10044.0","7794.0","4844.0","3207.0"
"00BA","MERTON","167577.0","2277.0","8113.0","8971.0","9184.0","11584.0","15229.0","13776.0","11815.0","12780.0","10236.0","8919.0","8609.0","9112.0","8962.0","7693.0","7465.0","6184.0","3934.0","2734.0"
"00BB","NEWHAM","205951.0","3844.0","13347.0","13720.0","12811.0","15475.0","20829.0","18898.0","14665.0","13397.0","10773.0","10205.0","9948.0","10117.0","10209.0","8557.0","7625.0","5857.0","3443.0","2231.0"
"00BC","REDBRIDGE","217140.0","2648.0","10507.0","12563.0","12791.0","15022.0","17858.0","15737.0","15038.0","16625.0","13688.0","12130.0","12034.0","12292.0","12370.0","10406.0","9521.0","7778.0","4892.0","3240.0"
"00BD","RICHMOND UPON THAMES","162346.0","2029.0","7185.0","7901.0","7587.0","10195.0","12344.0","12634.0","12365.0","14318.0","11554.0","9286.0","8627.0","8551.0","8754.0","7915.0","7918.0","6281.0","3990.0","2912.0"
"00BE","SOUTHWARK","217792.0","3404.0","11842.0","11960.0","10287.0","16482.0","25678.0","20599.0","15076.0","13374.0","10714.0","10363.0","10639.0","11906.0","12553.0","10191.0","9201.0","6835.0","3911.0","2777.0"
"00BF","SUTTON","169844.0","2190.0","8171.0","9594.0","10142.0","11538.0","14352.0","13366.0","11730.0","13152.0","11077.0","9639.0","9217.0","9249.0","9011.0","7408.0","7164.0","6149.0","4003.0","2692.0"
"00BG","TOWER HAMLETS","150165.0","2918.0","10320.0","10423.0","8161.0","10791.0","15547.0","13959.0","10170.0","7970.0","6745.0","7262.0","7811.0","8825.0","8303.0","6586.0","5717.0","4295.0","2592.0","1770.0"
"00BH","WALTHAM FOREST","215769.0","3304.0","11785.0","13027.0","13268.0","15895.0","20065.0","18280.0","14974.0","14994.0","12954.0","11228.0","10465.0","10476.0","10480.0","9313.0","9459.0","7721.0","4831.0","3250.0"
"00BJ","WANDSWORTH","260476.0","3750.0","12321.0","12594.0","12208.0","19415.0","32134.0","25835.0","19564.0","18778.0","14648.0","12988.0","12334.0","12443.0","12659.0","10992.0","10450.0","8345.0","5290.0","3728.0"
"00BK","WESTMINSTER","178338.0","2319.0","6509.0","6338.0","2480.0","14563.0","24595.0","17527.0","12589.0","13066.0","10825.0","9703.0","9776.0","9642.0","9506.0","8105.0","7792.0","6324.0","3816.0","2863.0"
"00BL","BOLTON","258041.0","3795.0","14508.0","16795.0","18605.0","19118.0","20057.0","18646.0","17454.0","19370.0","16750.0","14253.0","13059.0","13321.0","13985.0","11813.0","10550.0","7999.0","4968.0","2995.0"
"00BM","BURY","172571.0","2352.0","8973.0","10719.0","12034.0","12548.0","13014.0","12383.0","11494.0","13730.0","11776.0","10269.0","9348.0","9092.0","8871.0","7563.0","7263.0","5628.0","3438.0","2076.0"
"00BN","MANCHESTER","441981.0","6886.0","24565.0","25418.0","23681.0","43789.0","51789.0","36724.0","27279.0","25708.0","20821.0","20021.0","20817.0","22716.0","23992.0","20750.0","18918.0","14193.0","8536.0","5378.0"
"00BP","OLDHAM","217823.0","3274.0","12460.0","14681.0","15674.0","15988.0","16855.0","15762.0","14317.0","16128.0","14059.0","12359.0","11258.0","11088.0","11502.0","9918.0","9002.0","7037.0","4138.0","2323.0"
"00BQ","ROCHDALE","203622.0","3135.0","12110.0","14327.0","14778.0","15288.0","16036.0","15144.0","14076.0","15206.0","12420.0","10742.0","10350.0","10923.0","10751.0","8744.0","7719.0","6042.0","3622.0","2209.0"
"00BR","SALFORD","239086.0","3386.0","11981.0","13741.0","15416.0","20425.0","22130.0","17078.0","14117.0","15685.0","13637.0","12973.0","12707.0","13250.0","13960.0","12161.0","10598.0","8176.0","4868.0","2797.0"
"00BS","STOCKPORT","288919.0","3725.0","14559.0","17656.0","19799.0","20342.0","21414.0","20954.0","19915.0","22268.0","19218.0","17084.0","16361.0","16143.0","15723.0","13101.0","11789.0","9401.0","5926.0","3541.0"
"00BT","TAMESIDE","213859.0","3000.0","11462.0","13084.0","14855.0","15518.0","17174.0","16029.0","14004.0","16031.0","13471.0","12089.0","11129.0","11396.0","11903.0","10376.0","9146.0","6935.0","4035.0","2222.0"
"00BU","TRAFFORD","216894.0","2877.0","10938.0","12874.0","14655.0","16116.0","17411.0","15939.0","14290.0","15854.0","13701.0","12574.0","12218.0","12178.0","12102.0","10054.0","8993.0","7049.0","4359.0","2712.0"
"00BW","WIGAN","301533.0","4024.0","15995.0","19074.0","22233.0","23271.0","23678.0","21725.0","20011.0","24239.0","21123.0","17776.0","15815.0","15282.0","15701.0","13624.0","11664.0","8549.0","4965.0","2784.0"
"00BX","KNOWSLEY","162402.0","2620.0","10237.0","11684.0","12277.0","14368.0","15376.0","13382.0","10556.0","10121.0","8226.0","8548.0","9174.0","9445.0","8425.0","6278.0","5033.0","3620.0","1976.0","1056.0"
"00BY","LIVERPOOL","489494.0","7101.0","25862.0","27883.0","30216.0","43323.0","47523.0","37833.0","31017.0","30336.0","25080.0","24823.0","26360.0","27686.0","27515.0","23537.0","21287.0","16110.0","9681.0","6321.0"
"00BZ","ST HELENS","183927.0","2317.0","9265.0","11736.0","14121.0","14200.0","13940.0","12834.0","12181.0","14184.0","12191.0","11028.0","10382.0","10292.0","10081.0","8239.0","6987.0","5143.0","3105.0","1701.0"
"00CA","SEFTON","294931.0","3667.0","14363.0","17611.0","20211.0","22106.0","21547.0","20178.0","18167.0","20113.0","18253.0","17322.0","17265.0","17695.0","16854.0","14635.0","13257.0","10376.0","6770.0","4541.0"
"00CB","WIRRAL","334326.0","4509.0","17297.0","20857.0","23334.0","23805.0","24675.0","23187.0","21444.0","23808.0","20543.0","18385.0","18494.0","19168.0","18815.0","16519.0","15326.0","11961.0","7335.0","4864.0"
"00CC","BARNSLEY","222749.0","2798.0","11111.0","13272.0","15851.0","17578.0","17496.0","16086.0","14720.0","16353.0","14371.0","12559.0","12308.0","12388.0","12831.0","10854.0","9228.0","6819.0","3967.0","2159.0"
"00CE","DONCASTER","287806.0","4091.0","15458.0","17866.0","19788.0","21791.0","23865.0","22058.0","19245.0","20967.0","17537.0","16046.0","16170.0","16647.0","16552.0","13078.0","11098.0","8000.0","4766.0","2783.0"
"00CF","ROTHERHAM","252035.0","3431.0","13447.0","16184.0","18688.0","19212.0","19933.0","18855.0","17013.0","19110.0","16515.0","14537.0","13576.0","13577.0","13829.0","11436.0","9532.0","6831.0","4009.0","2320.0"
"00CG","SHEFFIELD","531499.0","6364.0","23123.0","27697.0","31111.0","45361.0","48033.0","40034.0","33372.0","35622.0","31971.0","29009.0","27800.0","28615.0","30603.0","28243.0","25505.0","19800.0","12115.0","7121.0"
"00CH","GATESHEAD","205794.0","2676.0","9829.0","11924.0","13627.0","15086.0","16507.0","14975.0","13143.0","14361.0","12418.0","11975.0","12089.0","12478.0","12572.0","10444.0","8927.0","6634.0","3889.0","2240.0"
"00CJ","NEWCASTLE UPON TYNE","280869.0","3821.0","13673.0","15302.0","15661.0","24758.0","27700.0","22676.0","18604.0","18179.0","14774.0","13849.0","14405.0","15256.0","15892.0","14044.0","12512.0","9744.0","6081.0","3938.0"
"00CK","NORTH TYNESIDE","193977.0","2384.0","9499.0","11460.0","12695.0","13626.0","14189.0","13534.0","12769.0","13957.0","11750.0","10825.0","11001.0","11900.0","12490.0","10565.0","8698.0","6449.0","3924.0","2262.0"
"00CL","SOUTH TYNESIDE","156845.0","2199.0","7752.0","9007.0","9930.0","11367.0","12709.0","11576.0","9899.0","10427.0","8845.0","8599.0","9055.0","9957.0","10414.0","8543.0","6704.0","4918.0","3030.0","1914.0"
"00CM","SUNDERLAND","298025.0","4134.0","16604.0","19600.0","21410.0","23683.0","24290.0","23203.0","20612.0","21337.0","17134.0","16334.0","16588.0","17200.0","16247.0","13044.0","10834.0","8003.0","5003.0","2765.0"
"00CN","BIRMINGHAM","1013196.0","15821.0","57870.0","64954.0","66710.0","86390.0","95181.0","78152.0","64449.0","64658.0","56153.0","51139.0","51412.0","54185.0","55400.0","48183.0","41477.0","31123.0","18828.0","11111.0"
"00CQ","COVENTRY","311061.0","4611.0","16694.0","18699.0","20854.0","27730.0","28910.0","23536.0","19363.0","20384.0","18046.0","16318.0","15712.0","16635.0","17687.0","15318.0","13019.0","9086.0","5362.0","3097.0"
"00CR","DUDLEY","301260.0","3822.0","14743.0","17878.0","20398.0","21987.0","22855.0","21349.0","20243.0","22968.0","21245.0","18948.0","17716.0","17557.0","16831.0","14207.0","11636.0","8677.0","5267.0","2933.0"
"00CS","SANDWELL","300278.0","4227.0","15901.0","18196.0","20987.0","23759.0","24637.0","21226.0","18246.0","19474.0","17657.0","16690.0","16728.0","17727.0","18031.0","15485.0","12976.0","9599.0","5485.0","3247.0"
"00CT","SOLIHULL","200845.0","2365.0","9576.0","12676.0","15153.0","16356.0","14470.0","13138.0","12785.0","16500.0","15243.0","12497.0","11757.0","11904.0","10936.0","8509.0","7220.0","5173.0","2931.0","1656.0"
"00CU","WALSALL","259917.0","3575.0","13636.0","16020.0","19070.0","21007.0","20560.0","18377.0","16048.0","18181.0","16791.0","16208.0","15681.0","15398.0","14453.0","11906.0","9880.0","7099.0","4012.0","2015.0"
"00CW","WOLVERHAMPTON","251272.0","3414.0","13299.0","15977.0","17585.0","21681.0","21255.0","17772.0","15318.0","15893.0","14422.0","13849.0","14020.0","14999.0","14852.0","12264.0","10065.0","7481.0","4494.0","2632.0"
"00CX","BRADFORD","461750.0","7294.0","28385.0","33071.0","32830.0","36644.0","38881.0","34929.0","30515.0","31787.0","25555.0","23539.0","23541.0","24098.0","24317.0","19522.0","17801.0","13970.0","9144.0","5927.0"
"00CY","CALDERDALE","191090.0","2591.0","9992.0","11906.0","13561.0","13957.0","14416.0","13127.0","12866.0","14491.0","12084.0","10326.0","9609.0","10090.0","10626.0","9273.0","8592.0","6634.0","4215.0","2734.0"
"00CZ","KIRKLEES","377635.0","5150.0","20472.0","24763.0","27335.0","30154.0","30403.0","27198.0","25163.0","28672.0","23698.0","20799.0","19268.0","19387.0","19525.0","16943.0","15095.0","11852.0","7473.0","4285.0"
"00DA","LEEDS","706515.0","9234.0","34681.0","40911.0","44691.0","60181.0","63871.0","52206.0","45387.0","49680.0","41928.0","38458.0","37988.0","38816.0","38392.0","33092.0","30111.0","23248.0","14193.0","9447.0"
"00DB","WAKEFIELD","307744.0","4221.0","15920.0","18586.0","21457.0","23922.0","24714.0","22877.0","21293.0","23483.0","20312.0","17703.0","16766.0","16619.0","16988.0","14232.0","12061.0","8603.0","5170.0","2817.0"
"09UC","MID BEDFORDSHIRE","108266.0","1536.0","6204.0","7208.0","7083.0","7491.0","9547.0","9123.0","8637.0","9444.0","7858.0","6189.0","5370.0","5014.0","4744.0","3908.0","3520.0","2678.0","1736.0","976.0"
"09UD","BEDFORD","132860.0","1807.0","6941.0","9018.0","9439.0","10621.0","10686.0","9782.0","8666.0","10154.0","8637.0","7670.0","7350.0","7087.0","6858.0","5593.0","4906.0","3731.0","2389.0","1525.0"
"09UE","SOUTH BEDFORDSHIRE","107921.0","1601.0","6165.0","7439.0","7837.0","7517.0","8773.0","9056.0","8235.0","9398.0","7685.0","6296.0","5783.0","5262.0","4949.0","3955.0","3257.0","2368.0","1438.0","907.0"
"11UB","AYLESBURY VALE","141796.0","1942.0","7657.0","9641.0","9844.0","11876.0","11548.0","11239.0","10837.0","12158.0","9990.0","8095.0","7245.0","6703.0","6322.0","5117.0","4527.0","3419.0","2215.0","1421.0"
"11UC","CHILTERN","90248.0","901.0","4124.0","5535.0","6227.0","6878.0","6076.0","5704.0","5694.0","7409.0","7012.0","6129.0","5858.0","5252.0","4774.0","3732.0","3257.0","2759.0","1724.0","1203.0"
"11UE","SOUTH BUCKS","60045.0","586.0","2312.0","3202.0","3734.0","4822.0","4143.0","3487.0","3439.0","4600.0","4536.0","4226.0","4058.0","4009.0","3674.0","2892.0","2503.0","1896.0","1171.0","755.0"
"11UF","WYCOMBE","156788.0","2016.0","8282.0","10618.0","11129.0","13255.0","11742.0","11384.0","10781.0","12986.0","11470.0","9888.0","9179.0","8139.0","7130.0","5623.0","5103.0","4034.0","2557.0","1472.0"
"12UB","CAMBRIDGE","102119.0","1100.0","4081.0","4769.0","4288.0","12476.0","15157.0","8197.0","6518.0","6579.0","5391.0","4412.0","4293.0","4466.0","4796.0","4318.0","4145.0","3380.0","2195.0","1558.0"
"12UC","EAST CAMBRIDGESHIRE","57964.0","713.0","2972.0","3525.0","3722.0","4099.0","4221.0","4046.0","4056.0","4619.0","3824.0","3289.0","3201.0","3164.0","3149.0","2731.0","2553.0","2013.0","1329.0","738.0"
"12UD","FENLAND","68407.0","818.0","3225.0","4050.0","4872.0","4417.0","4718.0","4438.0","4385.0","5227.0","4302.0","3839.0","3907.0","4125.0","4240.0","3643.0","3284.0","2493.0","1589.0","835.0"
"12UE","HUNTINGDONSHIRE","137996.0","2037.0","8409.0","10107.0","10203.0","9557.0","12281.0","11622.0","11301.0","12275.0","9934.0","7721.0","6263.0","5773.0","5422.0","4553.0","4272.0","3163.0","1940.0","1163.0"
"12UG","SOUTH CAMBRIDGESHIRE","116233.0","1538.0","6099.0","7807.0","8011.0","8494.0","8748.0","8713.0","8745.0","10230.0","8582.0","6729.0","6048.0","5594.0","5308.0","4581.0","4205.0","3360.0","2072.0","1369.0"
"13UB","CHESTER","118613.0","1385.0","5371.0","6674.0","7870.0","9584.0","9507.0","8466.0","7572.0","8734.0","7887.0","7022.0","6761.0","6844.0","6576.0","5541.0","4966.0","3838.0","2420.0","1595.0"
"13UC","CONGLETON","83649.0","951.0","4104.0","5432.0","5959.0","6081.0","5598.0","5662.0","5998.0","7351.0","6381.0","5216.0","4682.0","4488.0","4308.0","3666.0","3152.0","2391.0","1364.0","865.0"
"13UD","CREWE & NANTWICH","96550.0","1268.0","4742.0","5601.0","6383.0","6952.0","7280.0","6505.0","6167.0","7408.0","6520.0","5787.0","5400.0","5608.0","5597.0","4773.0","4251.0","3168.0","2019.0","1121.0"
"13UE","ELLESMERE PORT & NESTON","81039.0","1092.0","4441.0","5307.0","6026.0","6285.0","6795.0","6255.0","5364.0","6004.0","5296.0","4977.0","4737.0","4629.0","4094.0","3218.0","2744.0","2010.0","1149.0","616.0"
"13UG","MACCLESFIELD","151477.0","1687.0","6842.0","8556.0","9826.0","11278.0","10611.0","10119.0","9792.0","11999.0","10950.0","9625.0","9013.0","9179.0","8449.0","7054.0","6310.0","4978.0","3182.0","2027.0"
"13UH","VALE ROYAL","112713.0","1508.0","5919.0","7409.0","8177.0","8491.0","8202.0","7836.0","7489.0","9085.0","7790.0","6741.0","6105.0","6338.0","6289.0","5126.0","4222.0","3110.0","1843.0","1033.0"
"15UB","CARADON","73618.0","880.0","3858.0","4608.0","5023.0","4641.0","4751.0","5125.0","4890.0","5900.0","4889.0","4132.0","3688.0","3991.0","4242.0","3920.0","3442.0","2740.0","1809.0","1089.0"
"15UC","CARRICK","80818.0","813.0","3421.0","4706.0","5044.0","5720.0","5174.0","4885.0","4838.0","5863.0","5168.0","4525.0","4406.0","4724.0","5210.0","4777.0","4531.0","3528.0","2111.0","1374.0"
"15UD","KERRIER","85705.0","1051.0","3884.0","4927.0","5422.0","5861.0","6570.0","5781.0","5443.0","6479.0","5551.0","4765.0","4749.0","4792.0","4936.0","4742.0","4331.0","3266.0","2036.0","1119.0"
"15UE","NORTH CORNWALL","69923.0","803.0","3328.0","4117.0","4532.0","4291.0","4575.0","4467.0","4234.0","5204.0","4387.0","3899.0","3957.0","4183.0","4414.0","3920.0","3750.0","2898.0","1816.0","1148.0"
"15UF","PENWITH","55000.0","631.0","2441.0","3140.0","3388.0","3165.0","3171.0","2942.0","3058.0","4148.0","3634.0","3189.0","3187.0","3387.0","3615.0","3346.0","3219.0","2608.0","1650.0","1081.0"
"15UG","RESTORMEL","82422.0","1006.0","3666.0","4715.0","5578.0","5599.0","5716.0","5296.0","5051.0","6099.0","5587.0","4669.0","4697.0","4857.0","4963.0","4404.0","4059.0","3207.0","2034.0","1219.0"
"15UH","ISLES OF SCILLY","1994.0","21.0","87.0","115.0","129.0","162.0","112.0","118.0","111.0","155.0","161.0","122.0","131.0","126.0","114.0","102.0","82.0","68.0","49.0","29.0"
"16UB","ALLERDALE","95140.0","1131.0","4533.0","5623.0","6416.0","6666.0","6702.0","6458.0","6191.0","7412.0","6086.0","5482.0","5442.0","5607.0","5744.0","5015.0","4196.0","3185.0","1945.0","1306.0"
"16UC","BARROW-IN-FURNESS","76030.0","982.0","3830.0","4451.0","5326.0","6001.0","6314.0","5775.0","4894.0","5497.0","4962.0","4324.0","3988.0","3987.0","4153.0","3858.0","3220.0","2342.0","1313.0","813.0"
"16UD","CARLISLE","100304.0","1222.0","4970.0","6021.0","6669.0","7168.0","7183.0","7118.0","6690.0","7266.0","6151.0","5704.0","5679.0","5912.0","6044.0","5075.0","4487.0","3414.0","2201.0","1330.0"
"16UE","COPELAND","71337.0","911.0","3694.0","4463.0","4954.0","5284.0","5782.0","5417.0","4903.0","5251.0","4466.0","4167.0","4150.0","4111.0","4009.0","3351.0","2734.0","1961.0","1123.0","606.0"
"16UF","EDEN","44229.0","452.0","1957.0","2569.0","2846.0","3071.0","3185.0","3046.0","2899.0","3364.0","2864.0","2597.0","2532.0","2653.0","2661.0","2314.0","2046.0","1639.0","997.0","537.0"
"16UG","SOUTH LAKELAND","96867.0","981.0","3971.0","5221.0","5437.0","7885.0","6352.0","6073.0","5734.0","6998.0","6162.0","5542.0","5245.0","5642.0","6013.0","5526.0","5251.0","4221.0","2836.0","1777.0"
"17UB","AMBER VALLEY","108904.0","1254.0","4928.0","6185.0","7478.0","7283.0","7402.0","7388.0","7068.0","8898.0","7838.0","6376.0","5995.0","6080.0","6409.0","5720.0","4955.0","3836.0","2387.0","1424.0"
"17UC","BOLSOVER","69831.0","855.0","3443.0","3995.0","4763.0","5210.0","5396.0","4761.0","4339.0","4931.0","4601.0","3986.0","3893.0","4079.0","4339.0","3779.0","3047.0","2273.0","1347.0","794.0"
"17UD","CHESTERFIELD","97396.0","1149.0","4427.0","5580.0","6314.0","6690.0","7361.0","7047.0","6518.0","7379.0","6294.0","5460.0","5299.0","5718.0","6085.0","5228.0","4508.0","3263.0","1959.0","1117.0"
"17UF","DERBYSHIRE DALES","67774.0","657.0","2903.0","3902.0","4270.0","5360.0","4460.0","3963.0","4338.0","5371.0","4816.0","4158.0","3950.0","3883.0","3934.0","3591.0","3129.0","2496.0","1638.0","955.0"
"17UG","EREWASH","106162.0","1413.0","5284.0","6318.0","6894.0","8033.0","8551.0","8095.0","7210.0","8217.0","7110.0","6004.0","5627.0","5678.0","5662.0","5023.0","4391.0","3351.0","2073.0","1228.0"
"17UH","HIGH PEAK","83446.0","1096.0","4217.0","5072.0","5823.0","5843.0","6485.0","6188.0","5756.0","6672.0","5847.0","4891.0","4476.0","4487.0","4197.0","3533.0","3405.0","2733.0","1695.0","1030.0"
"17UJ","NORTH EAST DERBYSHIRE","96351.0","1034.0","4544.0","5781.0","6804.0","6928.0","6678.0","6465.0","6501.0","7832.0","7184.0","5958.0","5525.0","5655.0","5680.0","4805.0","3760.0","2751.0","1520.0","946.0"
"17UK","SOUTH DERBYSHIRE","69663.0","821.0","3436.0","4551.0","4710.0","5327.0","4984.0","4971.0","4888.0","5749.0","4921.0","3932.0","3751.0","3826.0","3882.0","3222.0","2698.0","2063.0","1257.0","674.0"
"18UB","EAST DEVON","112559.0","1032.0","4206.0","5556.0","6454.0","7630.0","6789.0","5966.0","5798.0","7003.0","6482.0","5478.0","5575.0","6195.0","7651.0","7996.0","8156.0","6972.0","4593.0","3027.0"
"18UC","EXETER","100241.0","1211.0","4460.0","5238.0","5232.0","10278.0","10270.0","7450.0","6162.0","6865.0","5790.0","5170.0","5082.0","5173.0","5416.0","4744.0","4538.0","3542.0","2223.0","1397.0"
"18UD","MID DEVON","61531.0","753.0","3106.0","3707.0","4236.0","4634.0","4051.0","3885.0","4104.0","4571.0","4050.0","3449.0","3318.0","3418.0","3426.0","3050.0","2929.0","2326.0","1532.0","986.0"
"18UE","NORTH DEVON","81799.0","965.0","3633.0","4719.0","5217.0","5802.0","5494.0","5113.0","5029.0","5884.0","5431.0","4510.0","4591.0","4503.0","4860.0","4450.0","4224.0","3570.0","2262.0","1542.0"
"18UG","SOUTH HAMS","70690.0","779.0","3087.0","4010.0","4528.0","4295.0","4162.0","4214.0","4391.0","5348.0","4768.0","3881.0","3880.0","4147.0","4516.0","4218.0","3938.0","3107.0","1948.0","1473.0"
"18UH","TEIGNBRIDGE","103083.0","1045.0","4181.0","5299.0","5975.0","7010.0","6857.0","5916.0","5934.0","7196.0","6508.0","5488.0","5458.0","6030.0","6666.0","6339.0","6242.0","5061.0","3330.0","2548.0"
"18UK","TORRIDGE","50213.0","555.0","2246.0","2849.0","3142.0","4115.0","3001.0","3175.0","3066.0","3525.0","3220.0","2782.0","2631.0","2951.0","3104.0","2861.0","2657.0","2105.0","1332.0","896.0"
"18UL","WEST DEVON","44415.0","484.0","1946.0","2583.0","2795.0","3033.0","2778.0","2813.0","2750.0","3371.0","3115.0","2580.0","2524.0","2549.0","2662.0","2349.0","2236.0","1824.0","1268.0","755.0"
"19UC","CHRISTCHURCH","41995.0","408.0","1457.0","1934.0","2114.0","2602.0","2367.0","2550.0","2091.0","2546.0","2279.0","2046.0","2139.0","2437.0","3004.0","3315.0","3371.0","2672.0","1593.0","1070.0"
"19UD","EAST DORSET","77451.0","745.0","3390.0","4362.0","4891.0","4822.0","4335.0","4571.0","4585.0","5902.0","5101.0","4243.0","3941.0","4253.0","5098.0","5155.0","4878.0","3696.0","2161.0","1322.0"
"19UE","NORTH DORSET","50848.0","552.0","2275.0","3203.0","2582.0","5236.0","3178.0","3285.0","3137.0","3763.0","3066.0","2568.0","2416.0","2560.0","2891.0","2923.0","2800.0","2234.0","1315.0","864.0"
"19UG","PURBECK","42289.0","468.0","1986.0","2541.0","2422.0","2805.0","3134.0","3037.0","2786.0","3255.0","2691.0","2137.0","2149.0","2355.0","2512.0","2332.0","2156.0","1734.0","1044.0","745.0"
"19UH","WEST DORSET","81724.0","810.0","3252.0","4400.0","4357.0","6492.0","4987.0","4730.0","4760.0","5211.0","4867.0","4348.0","4493.0","4957.0","5559.0","5297.0","5063.0","4061.0","2477.0","1603.0"
"19UJ","WEYMOUTH & PORTLAND","60584.0","759.0","2873.0","3318.0","3743.0","4404.0","5179.0","4511.0","4018.0","4537.0","3731.0","3147.0","2999.0","3141.0","3411.0","3007.0","2985.0","2347.0","1471.0","1003.0"
"20UB","CHESTER-LE-STREET","52014.0","660.0","2744.0","3338.0","3646.0","3499.0","4034.0","4018.0","3824.0","4282.0","3541.0","3248.0","2879.0","2794.0","2744.0","2244.0","1914.0","1399.0","795.0","411.0"
"20UD","DERWENTSIDE","86014.0","994.0","4118.0","4989.0","5895.0","6006.0","6373.0","5791.0","5604.0","6195.0","5418.0","5042.0","4889.0","5029.0","5250.0","4533.0","4008.0","3111.0","1733.0","1036.0"
"20UE","DURHAM","85326.0","935.0","3947.0","5083.0","5207.0","8327.0","8228.0","5819.0","5579.0","6743.0","5626.0","4895.0","4597.0","4600.0","4425.0","3665.0","3141.0","2330.0","1342.0","837.0"
"20UF","EASINGTON","98157.0","1320.0","5103.0","6131.0","6906.0","7716.0","7999.0","7119.0","5998.0","6392.0","5823.0","5554.0","5895.0","6003.0","5908.0","4641.0","3889.0","3050.0","1749.0","961.0"
"20UG","SEDGEFIELD","89474.0","1160.0","4596.0","5750.0","6217.0","6655.0","6993.0","6373.0","6042.0","6889.0","5690.0","5151.0","5000.0","5328.0","5289.0","4263.0","3376.0","2495.0","1395.0","812.0"
"20UH","TEESDALE","24445.0","263.0","1025.0","1300.0","1601.0","2080.0","1473.0","1536.0","1538.0","1832.0","1573.0","1479.0","1328.0","1444.0","1536.0","1360.0","1197.0","927.0","617.0","336.0"
"20UJ","WEAR VALLEY","64411.0","842.0","3162.0","3879.0","4406.0","4481.0","4826.0","4401.0","4272.0","4770.0","3995.0","3626.0","3525.0","3699.0","3923.0","3451.0","2910.0","2207.0","1296.0","740.0"
"21UC","EASTBOURNE","80067.0","773.0","3026.0","3724.0","3494.0","6076.0","5685.0","4602.0","4222.0","4813.0","4107.0","3596.0","3674.0","4131.0","4913.0","5382.0","5956.0","5317.0","3828.0","2748.0"
"21UD","HASTINGS","81688.0","991.0","4091.0","4793.0","4669.0","5952.0","6411.0","5534.0","5199.0","5563.0","4644.0","3910.0","3815.0","4048.0","4255.0","4495.0","4717.0","3948.0","2691.0","1962.0"
"21UF","LEWES","85504.0","883.0","3913.0","4887.0","4965.0","5683.0","5255.0","5225.0","5323.0","6075.0","5317.0","4456.0","4397.0","4634.0","5252.0","5323.0","5085.0","4134.0","2862.0","1835.0"
"21UG","ROTHER","80027.0","647.0","2893.0","3820.0","4194.0","4907.0","3984.0","3621.0","3841.0","4993.0","4342.0","3920.0","4026.0","4305.0","5492.0","6251.0","6517.0","5522.0","3884.0","2868.0"
"21UH","WEALDEN","123500.0","1240.0","5495.0","7022.0","7275.0","9206.0","6756.0","6775.0","7129.0","9425.0","8254.0","6915.0","6361.0","6454.0","7090.0","7250.0","7442.0","6437.0","4068.0","2906.0"
"22UB","BASILDON","160150.0","2251.0","9037.0","11386.0","12196.0","12384.0","14084.0","13119.0","11518.0","12921.0","10313.0","9078.0","8701.0","8168.0","7544.0","5945.0","4887.0","3467.0","1903.0","1248.0"
"22UC","BRAINTREE","116915.0","1535.0","6290.0","8030.0","8495.0","8063.0","8851.0","8731.0","8597.0","10198.0","8298.0","6425.0","5522.0","5478.0","5497.0","4995.0","4531.0","3602.0","2311.0","1466.0"
"22UD","BRENTWOOD","72192.0","765.0","3004.0","3954.0","4768.0","5743.0","4957.0","4631.0","4660.0","5542.0","5197.0","4554.0","4819.0","4776.0","4377.0","3376.0","2759.0","2050.0","1425.0","835.0"
"22UE","CASTLE POINT","87507.0","1081.0","4313.0","5871.0","6936.0","6532.0","6286.0","5977.0","5926.0","7810.0","6680.0","5225.0","4829.0","4401.0","4167.0","3654.0","3111.0","2396.0","1436.0","876.0"
"22UF","CHELMSFORD","150434.0","1910.0","7965.0","9746.0","10388.0","11677.0","12619.0","11625.0","11180.0","12952.0","10693.0","8741.0","8030.0","7438.0","6913.0","5829.0","5090.0","3836.0","2330.0","1472.0"
"22UG","COLCHESTER","141414.0","1892.0","7253.0","8888.0","9333.0","11524.0","12869.0","11355.0","9909.0","11213.0","9422.0","7693.0","6920.0","6839.0","6586.0","5808.0","5436.0","4130.0","2634.0","1710.0"
"22UH","EPPING FOREST","115284.0","1188.0","5020.0","6000.0","7314.0","9025.0","7954.0","7541.0","7187.0","8910.0","8036.0","7039.0","6943.0","7363.0","7381.0","5997.0","5284.0","3728.0","2202.0","1172.0"
"22UJ","HARLOW","76518.0","1042.0","4224.0","4986.0","5302.0","6246.0","7378.0","6592.0","5650.0","5324.0","4355.0","4179.0","4534.0","4746.0","4165.0","2995.0","2137.0","1391.0","802.0","470.0"
"22UK","MALDON","51984.0","675.0","2734.0","3549.0","3871.0","3627.0","3402.0","3617.0","3647.0","4644.0","4028.0","3092.0","2614.0","2480.0","2334.0","2274.0","2091.0","1631.0","1003.0","671.0"
"22UL","ROCHFORD","76068.0","868.0","3779.0","4937.0","5658.0","5467.0","4894.0","5197.0","5381.0","6277.0","5516.0","4682.0","4385.0","4206.0","4040.0","3387.0","2983.0","2175.0","1356.0","880.0"
"22UN","TENDRING","118566.0","1112.0","4660.0","6008.0","7044.0","6897.0","6983.0","5893.0","6102.0","7637.0","6940.0","6020.0","5896.0","6341.0","8193.0","9059.0","8963.0","7255.0","4647.0","2916.0"
"22UQ","UTTLESFORD","64865.0","789.0","3456.0","4135.0","4520.0","4770.0","4251.0","4877.0","4575.0","5607.0","4822.0","3895.0","3570.0","3360.0","3045.0","2710.0","2478.0","1910.0","1276.0","819.0"
"23UB","CHELTENHAM","105664.0","1283.0","4741.0","5788.0","5837.0","10157.0","9058.0","7696.0","6885.0","7433.0","6320.0","5697.0","5183.0","5726.0","6016.0","5339.0","4785.0","3682.0","2370.0","1668.0"
"23UC","COTSWOLD","72792.0","742.0","3199.0","4151.0","4113.0","5853.0","5266.0","4750.0","4935.0","5442.0","4775.0","3845.0","3855.0","4018.0","4267.0","3925.0","3765.0","2934.0","1804.0","1153.0"
"23UD","FOREST OF DEAN","73723.0","818.0","3556.0","4370.0","5550.0","5244.0","5097.0","4765.0","4922.0","5784.0","5119.0","4325.0","4094.0","4055.0","4321.0","3615.0","3166.0","2376.0","1518.0","1028.0"
"23UE","GLOUCESTER","100292.0","1459.0","5691.0","6022.0","6651.0","7614.0","9271.0","8389.0","6787.0","7161.0","6144.0","5274.0","5071.0","5404.0","5414.0","4400.0","3752.0","2828.0","1842.0","1118.0"
"23UF","STROUD","99986.0","1193.0","4535.0","6368.0","7017.0","7654.0","6680.0","6040.0","6384.0","7981.0","7033.0","5912.0","5337.0","5503.0","5596.0","4913.0","4409.0","3654.0","2346.0","1431.0"
"23UG","TEWKESBURY","65920.0","779.0","3302.0","4045.0","4113.0","4504.0","5004.0","4574.0","4172.0","4978.0","4684.0","4098.0","3890.0","3676.0","3812.0","3303.0","2883.0","2130.0","1229.0","744.0"
"24UB","BASINGSTOKE & DEANE","138755.0","1876.0","7604.0","9457.0","10676.0","11560.0","11600.0","10869.0","9893.0","11950.0","10074.0","8124.0","7188.0","6679.0","6014.0","4980.0","4101.0","3089.0","1884.0","1137.0"
"24UC","EAST HAMPSHIRE","98379.0","1227.0","5151.0","6269.0","6636.0","7631.0","7771.0","7268.0","6923.0","8123.0","6820.0","5827.0","5156.0","4795.0","4635.0","4139.0","3727.0","2999.0","2076.0","1206.0"
"24UD","EASTLEIGH","100278.0","1305.0","5565.0","6587.0","6819.0","6865.0","7802.0","7872.0","7590.0","8335.0","6942.0","5771.0","5314.0","5261.0","5005.0","4219.0","3663.0","2661.0","1711.0","991.0"
"24UE","FAREHAM","94203.0","1151.0","4530.0","5555.0","6455.0","6750.0","7046.0","7218.0","6444.0","7682.0","6866.0","5725.0","5474.0","5214.0","4888.0","4121.0","3629.0","2716.0","1712.0","1027.0"
"24UF","GOSPORT","78053.0","1223.0","4441.0","5006.0","4417.0","6596.0","8856.0","7120.0","5482.0","5991.0","4333.0","3649.0","3544.0","3512.0","3469.0","3078.0","2818.0","2261.0","1365.0","892.0"
"24UG","HART","75279.0","890.0","3882.0","5307.0","5622.0","5925.0","6575.0","5739.0","5453.0","6905.0","6163.0","5013.0","4177.0","3256.0","2878.0","2233.0","1984.0","1599.0","1063.0","615.0"
"24UH","HAVANT","122060.0","1593.0","6516.0","8125.0","9377.0","9669.0","9186.0","8805.0","8190.0","8771.0","7740.0","6975.0","6804.0","6913.0","6569.0","5393.0","4524.0","3334.0","2227.0","1349.0"
"24UJ","NEW FOREST","157854.0","1736.0","7322.0","9340.0","9390.0","10865.0","10439.0","10096.0","10232.0","11377.0","9806.0","8486.0","8412.0","8905.0","9679.0","9033.0","8525.0","6772.0","4512.0","2927.0"
"24UL","RUSHMOOR","86748.0","1373.0","4825.0","5158.0","5111.0","7980.0","10588.0","9080.0","6669.0","6753.0","5110.0","4299.0","3813.0","3605.0","3354.0","2730.0","2435.0","1861.0","1201.0","803.0"
"24UN","TEST VALLEY","96720.0","1111.0","4579.0","5898.0","6163.0","8560.0","7541.0","7311.0","6865.0","8332.0","7080.0","5719.0","5142.0","4778.0","4601.0","4042.0","3594.0","2751.0","1638.0","1015.0"
"24UP","WINCHESTER","94912.0","972.0","4040.0","5407.0","5836.0","8812.0","7162.0","6202.0","6047.0","7382.0","6620.0","5582.0","5441.0","5241.0","5067.0","4310.0","3944.0","3298.0","2117.0","1432.0"
"26UB","BROXBOURNE","81785.0","1073.0","3988.0","5073.0","6107.0","6354.0","6530.0","6126.0","5671.0","6777.0","5780.0","5023.0","5012.0","4750.0","4100.0","3190.0","2653.0","1909.0","1019.0","650.0"
"26UC","DACORUM","132766.0","1647.0","6805.0","8879.0","8947.0","10525.0","10368.0","10183.0","9563.0","10550.0","8778.0","7321.0","7419.0","7568.0","7204.0","5591.0","4615.0","3352.0","2122.0","1329.0"
"26UD","EAST HERTFORDSHIRE","116637.0","1438.0","5604.0","7344.0","7521.0","10445.0","9057.0","8939.0","8550.0","9736.0","8243.0","7075.0","6564.0","6032.0","5557.0","4415.0","3845.0","3018.0","1902.0","1352.0"
"26UE","HERTSMERE","89730.0","1033.0","4319.0","5490.0","5379.0","6901.0","6320.0","6340.0","6039.0","6897.0","5873.0","4870.0","4871.0","5419.0","5632.0","4793.0","3876.0","2773.0","1691.0","1214.0"
"26UF","NORTH HERTFORDSHIRE","111648.0","1360.0","5646.0","7356.0","7719.0","8472.0","8445.0","7774.0","7776.0","8869.0","7631.0","6436.0","6182.0","5914.0","5769.0","4970.0","4442.0","3513.0","2171.0","1203.0"
"26UG","ST ALBANS","127598.0","1541.0","6042.0","7797.0","8469.0","9591.0","8993.0","9390.0","8805.0","10445.0","9043.0","7865.0","7737.0","7377.0","6690.0","5392.0","4696.0","3795.0","2359.0","1571.0"
"26UH","STEVENAGE","74660.0","1187.0","4446.0","4780.0","5080.0","5759.0","7644.0","6759.0","5509.0","5296.0","4464.0","4034.0","4094.0","4104.0","3598.0","2764.0","2171.0","1558.0","791.0","622.0"
"26UJ","THREE RIVERS","79391.0","825.0","3390.0","4621.0","5148.0","6265.0","5397.0","5197.0","5078.0","6227.0","5411.0","4817.0","4704.0","4782.0","4813.0","4020.0","3524.0","2640.0","1511.0","1021.0"
"26UK","WATFORD","75712.0","1082.0","4059.0","4670.0","4955.0","5617.0","6827.0","6491.0","5491.0","5805.0","4725.0","4061.0","3946.0","3773.0","3563.0","3015.0","2996.0","2267.0","1424.0","945.0"
"26UL","WELWYN HATFIELD","94159.0","1009.0","4226.0","5229.0","5876.0","8186.0","7512.0","6799.0","5924.0","6549.0","5975.0","5395.0","5872.0","5993.0","5641.0","4553.0","4004.0","2753.0","1608.0","1055.0"
"29UB","ASHFORD","90471.0","1236.0","4614.0","5558.0","6183.0","6875.0","7219.0","6170.0","6021.0","7186.0","6120.0","5132.0","4537.0","4608.0","4870.0","4334.0","3799.0","2925.0","1875.0","1209.0"
"29UC","CANTERBURY","126527.0","1428.0","5530.0","7065.0","7542.0","11481.0","9982.0","7873.0","7288.0","8476.0","7508.0","6311.0","6057.0","6473.0","7415.0","7123.0","6876.0","5646.0","3914.0","2539.0"
"29UD","DARTFORD","79777.0","1079.0","3918.0","4537.0","5374.0","6096.0","6687.0","6342.0","5396.0","5970.0","5144.0","4611.0","4552.0","4607.0","4316.0","3471.0","2996.0","2341.0","1468.0","872.0"
"29UE","DOVER","102446.0","1324.0","4739.0","5828.0","6346.0","7972.0","7354.0","7023.0","6443.0","7461.0","6518.0","5504.0","5384.0","5486.0","6012.0","5628.0","5112.0","3976.0","2682.0","1654.0"
"29UG","GRAVESHAM","95158.0","1265.0","4716.0","5984.0","6904.0","7770.0","7969.0","6808.0","6451.0","7172.0","6194.0","5711.0","5435.0","5282.0","5000.0","4095.0","3359.0","2498.0","1560.0","985.0"
"29UH","MAIDSTONE","133308.0","1580.0","6633.0","8539.0","9461.0","9879.0","9748.0","9468.0","9319.0","11136.0","9591.0","8105.0","7224.0","6957.0","6555.0","5847.0","5269.0","4056.0","2461.0","1480.0"
"29UK","SEVENOAKS","110466.0","1262.0","5186.0","7071.0","6925.0","10058.0","7245.0","7134.0","7215.0","8836.0","7969.0","6695.0","6475.0","6539.0","6011.0","4891.0","4216.0","3337.0","2130.0","1271.0"
"29UL","SHEPWAY","90108.0","1001.0","3961.0","5020.0","5540.0","6281.0","6248.0","5663.0","5645.0","6236.0","5415.0","4737.0","4592.0","4839.0","5342.0","5273.0","5174.0","4453.0","2683.0","2005.0"
"29UM","SWALE","110406.0","1526.0","5975.0","7597.0","8205.0","7659.0","8115.0","7815.0","7428.0","9022.0","7659.0","6197.0","5771.0","5643.0","5514.0","5132.0","4455.0","3340.0","2083.0","1270.0"
"29UN","THANET","121183.0","1428.0","5387.0","6801.0","7240.0","8800.0","7511.0","6720.0","6662.0","8083.0","6801.0","5951.0","5681.0","6412.0","7770.0","8003.0","7992.0","6618.0","4332.0","2991.0"
"29UP","TONBRIDGE & MALLING","100328.0","1227.0","4814.0","6086.0","7071.0","8184.0","7552.0","7796.0","6999.0","7944.0","7194.0","6241.0","5859.0","5327.0","4967.0","4033.0","3525.0","2731.0","1647.0","1131.0"
"29UQ","TUNBRIDGE WELLS","99477.0","1088.0","4397.0","6178.0","6138.0","9294.0","7170.0","6555.0","6148.0","7476.0","6664.0","5705.0","5503.0","5253.0","5064.0","4502.0","4281.0","3649.0","2660.0","1752.0"
"30UD","BURNLEY","85380.0","1380.0","4886.0","5539.0","6124.0","5794.0","5937.0","5953.0","5414.0","6585.0","5279.0","4628.0","4541.0","4578.0","4944.0","4130.0","3800.0","3031.0","1941.0","896.0"
"30UE","CHORLEY","95655.0","1239.0","5289.0","6529.0","7210.0","6661.0","7263.0","7375.0","7040.0","8212.0","6996.0","5553.0","4728.0","4601.0","4583.0","3863.0","3348.0","2683.0","1619.0","863.0"
"30UF","FYLDE","71469.0","701.0","2968.0","3584.0","3998.0","4730.0","4941.0","4397.0","4231.0","4883.0","4315.0","3970.0","3992.0","4401.0","4770.0","4437.0","4044.0","3381.0","2423.0","1303.0"
"30UG","HYNDBURN","79978.0","1156.0","4507.0","5316.0","5769.0","5768.0","6155.0","5655.0","5140.0","5741.0","4995.0","4291.0","4046.0","4361.0","4569.0","3862.0","3524.0","2661.0","1587.0","875.0"
"30UH","LANCASTER","127917.0","1479.0","5932.0","6941.0","7018.0","10841.0","10947.0","8620.0","7532.0","8486.0","7327.0","6601.0","6673.0","6963.0","7399.0","6752.0","6633.0","5546.0","3746.0","2481.0"
"30UJ","PENDLE","84496.0","1292.0","4864.0","5952.0","5991.0","5644.0","5980.0","5610.0","5568.0","6351.0","5248.0","4342.0","4236.0","4529.0","4744.0","3936.0","3858.0","3228.0","1904.0","1219.0"
"30UK","PRESTON","126165.0","1777.0","6825.0","7807.0","8731.0","10882.0","10733.0","9091.0","7818.0","8226.0","6921.0","6615.0","6860.0","6868.0","7019.0","5932.0","5354.0","4335.0","2704.0","1667.0"
"30UL","RIBBLE VALLEY","53422.0","547.0","2310.0","3067.0","3510.0","4474.0","3571.0","3255.0","3381.0","4140.0","3841.0","3377.0","3186.0","3098.0","3009.0","2577.0","2375.0","1883.0","1140.0","681.0"
"30UM","ROSSENDALE","64666.0","862.0","3664.0","4348.0","4831.0","4719.0","4687.0","4403.0","4462.0","5345.0","4237.0","3549.0","3291.0","3416.0","3347.0","2716.0","2644.0","2072.0","1378.0","695.0"
"30UN","SOUTH RIBBLE","96967.0","1266.0","5077.0","6368.0","7525.0","6873.0","7486.0","6703.0","6559.0","8037.0","6904.0","5907.0","5143.0","5263.0","5020.0","4063.0","3666.0","2724.0","1519.0","864.0"
"30UP","WEST LANCASHIRE","109103.0","1425.0","5775.0","7202.0","8456.0","9127.0","8804.0","7703.0","7185.0","8591.0","7709.0","6656.0","6007.0","5587.0","5234.0","4421.0","3839.0","2819.0","1743.0","820.0"
"30UQ","WYRE","99429.0","1004.0","4169.0","5143.0","6027.0","6912.0","6057.0","5868.0","5653.0","6620.0","6011.0","5800.0","5890.0","6243.0","6855.0","6058.0","5770.0","4668.0","2911.0","1770.0"
"31UB","BLABY","80148.0","966.0","3957.0","5122.0","6034.0","5784.0","5600.0","6094.0","5795.0","6763.0","5803.0","5050.0","4570.0","4389.0","3971.0","3143.0","2807.0","2127.0","1415.0","758.0"
"31UC","CHARNWOOD","141884.0","1766.0","7199.0","8821.0","9192.0","11827.0","13160.0","10617.0","9654.0","11224.0","9416.0","7906.0","7596.0","7393.0","6808.0","5823.0","5423.0","4017.0","2442.0","1600.0"
"31UD","HARBOROUGH","62903.0","722.0","2995.0","4106.0","4648.0","4353.0","4057.0","4168.0","4668.0","5457.0","4746.0","3961.0","3588.0","3395.0","3240.0","2671.0","2407.0","1824.0","1192.0","705.0"
"31UE","HINCKLEY & BOSWORTH","92675.0","1173.0","4883.0","6021.0","6573.0","5976.0","6894.0","7103.0","6838.0","8249.0","6595.0","5318.0","4865.0","4866.0","4668.0","3932.0","3454.0","2698.0","1606.0","963.0"
"31UG","MELTON","42723.0","526.0","2078.0","2816.0","2882.0","3148.0","2891.0","3025.0","2876.0","3653.0","3131.0","2477.0","2317.0","2285.0","2353.0","1956.0","1746.0","1313.0","808.0","442.0"
"31UH","NORTH WEST LEICESTERSHIRE","78887.0","957.0","3949.0","5079.0","5794.0","5297.0","5282.0","5395.0","5502.0","6567.0","5762.0","4547.0","4234.0","4384.0","4431.0","3749.0","3221.0","2466.0","1471.0","800.0"
"31UJ","OADBY & WIGSTON","52311.0","592.0","2354.0","2960.0","3687.0","4737.0","4486.0","3724.0","3194.0","4023.0","3518.0","3277.0","3283.0","3104.0","2766.0","2113.0","1795.0","1357.0","783.0","558.0"
"32UB","BOSTON","52391.0","605.0","2390.0","3026.0","3485.0","3578.0","3687.0","3518.0","3340.0","3853.0","3359.0","3098.0","3082.0","3215.0","3091.0","2671.0","2504.0","1978.0","1184.0","727.0"
"32UC","EAST LINDSEY","109189.0","1185.0","4609.0","5866.0","6929.0","7009.0","7048.0","6415.0","6467.0","7933.0","7086.0","6202.0","6252.0","6649.0","7483.0","6725.0","6202.0","4566.0","2757.0","1806.0"
"32UD","LINCOLN","79940.0","1148.0","4273.0","5009.0","4875.0","6512.0","7322.0","6398.0","5373.0","5354.0","4522.0","3999.0","3805.0","4111.0","4559.0","4103.0","3395.0","2577.0","1556.0","1049.0"
"32UE","NORTH KESTEVEN","79527.0","888.0","3694.0","4774.0","5103.0","5168.0","6235.0","5869.0","5084.0","6443.0","5924.0","4894.0","4463.0","4437.0","4368.0","3983.0","3494.0","2477.0","1455.0","774.0"
"32UF","SOUTH HOLLAND","63761.0","641.0","2613.0","3428.0","4347.0","4083.0","4139.0","3889.0","3935.0","4784.0","4197.0","3923.0","3875.0","4114.0","4219.0","3697.0","3252.0","2375.0","1452.0","798.0"
"32UG","SOUTH KESTEVEN","102365.0","1191.0","5290.0","6873.0","7480.0","7579.0","7053.0","7011.0","6978.0","8375.0","7089.0","5859.0","5191.0","5302.0","5707.0","4905.0","4221.0","3173.0","1845.0","1243.0"
"32UH","WEST LINDSEY","76909.0","940.0","3618.0","4769.0","5356.0","5647.0","5865.0","5093.0","5116.0","6346.0","5566.0","4515.0","4330.0","4172.0","4188.0","3772.0","3125.0","2270.0","1459.0","762.0"
"33UB","BRECKLAND","102839.0","1196.0","5107.0","6754.0","7232.0","7352.0","7261.0","6662.0","6872.0","8097.0","6790.0","5631.0","5248.0","5096.0","5752.0","5455.0","5008.0","3829.0","2257.0","1240.0"
"33UC","BROADLAND","100207.0","1031.0","4380.0","5798.0","6849.0","7114.0","5711.0","6164.0","6497.0","8079.0","7172.0","6531.0","6129.0","5985.0","5805.0","5037.0","4699.0","3675.0","2237.0","1314.0"
"33UD","GREAT YARMOUTH","84743.0","1098.0","4167.0","4943.0","5916.0","5873.0","5727.0","5435.0","5150.0","6133.0","5581.0","4638.0","4423.0","4881.0","5161.0","4685.0","4330.0","3385.0","2036.0","1181.0"
"33UE","KINGS LYNN & WEST NORFOLK","127318.0","1466.0","6124.0","7510.0","8477.0","8384.0","9290.0","8555.0","7803.0","9218.0","8107.0","7159.0","6977.0","7382.0","7805.0","6969.0","6376.0","4843.0","2992.0","1881.0"
"33UF","NORTH NORFOLK","87266.0","908.0","3431.0","4409.0","5028.0","5975.0","5575.0","5130.0","4708.0","6005.0","5390.0","4647.0","4689.0","5051.0","5597.0","5791.0","5668.0","4537.0","2785.0","1942.0"
"33UG","NORWICH","125683.0","1568.0","5854.0","6853.0","6649.0","10800.0","13701.0","10120.0","8361.0","8594.0","7051.0","5823.0","5801.0","6259.0","6826.0","6037.0","5699.0","4668.0","2945.0","2074.0"
"33UH","SOUTH NORFOLK","99454.0","1046.0","4415.0","5845.0","6279.0","7605.0","6301.0","6280.0","6293.0","8116.0","7104.0","6114.0","5559.0","5541.0","5606.0","5141.0","4754.0","3696.0","2241.0","1518.0"
"34UB","CORBY","51571.0","801.0","3130.0","3435.0","3842.0","4418.0","4701.0","3902.0","3409.0","3530.0","3183.0","3040.0","2816.0","2789.0","2774.0","2129.0","1662.0","1151.0","584.0","275.0"
"34UC","DAVENTRY","60259.0","740.0","3135.0","4110.0","4555.0","4612.0","4165.0","3995.0","4274.0","5407.0","4718.0","3580.0","3136.0","3075.0","2946.0","2513.0","2104.0","1548.0","1016.0","630.0"
"34UD","EAST NORTHAMPTONSHIRE","64055.0","804.0","3199.0","4397.0","4507.0","4779.0","4394.0","4478.0","4427.0","5430.0","4515.0","3457.0","3189.0","3106.0","3168.0","2916.0","2713.0","2267.0","1391.0","918.0"
"34UE","KETTERING","73243.0","893.0","3641.0","4649.0","5179.0","5269.0","5676.0","5121.0","4838.0","5977.0","4989.0","3815.0","3572.0","3705.0","3860.0","3444.0","3157.0","2567.0","1723.0","1168.0"
"34UF","NORTHAMPTON","171238.0","2459.0","9592.0","11335.0","11554.0","13559.0","15218.0","14255.0","12216.0","13192.0","10481.0","8643.0","8007.0","8052.0","8244.0","7400.0","6539.0","4967.0","3307.0","2218.0"
"34UG","SOUTH NORTHAMPTONSHIRE","68597.0","874.0","3721.0","4991.0","4984.0","5117.0","4643.0","4776.0","5290.0","6452.0","5245.0","3947.0","3320.0","3116.0","3092.0","2756.0","2500.0","1860.0","1205.0","708.0"
"34UH","WELLINGBOROUGH","65276.0","851.0","3398.0","4242.0","4761.0","5291.0","5250.0","4673.0","4416.0","5235.0","4457.0","3623.0","3262.0","3318.0","3283.0","2788.0","2586.0","1955.0","1182.0","705.0"
"35UB","ALNWICK","29087.0","323.0","1371.0","1770.0","1836.0","1866.0","2085.0","1853.0","1911.0","2145.0","1798.0","1631.0","1651.0","1682.0","1732.0","1609.0","1533.0","1189.0","697.0","405.0"
"35UC","BERWICK-UPON-TWEED","26744.0","271.0","1195.0","1586.0","1682.0","1746.0","1826.0","1835.0","1691.0","1784.0","1581.0","1507.0","1534.0","1624.0","1720.0","1503.0","1413.0","1111.0","669.0","466.0"
"35UD","BLYTH VALLEY","78459.0","1069.0","4446.0","5666.0","5891.0","4920.0","6168.0","6188.0","6280.0","6965.0","5398.0","4227.0","3798.0","3778.0","3849.0","3178.0","2710.0","1967.0","1224.0","737.0"
"35UE","CASTLE MORPETH","50607.0","491.0","2162.0","2920.0","3597.0","3529.0","3572.0","3094.0","3094.0","3770.0","3522.0","3269.0","3238.0","3172.0","3133.0","2546.0","2167.0","1705.0","1036.0","590.0"
"35UF","TYNEDALE","55131.0","652.0","2684.0","3442.0","3344.0","3659.0","3262.0","3861.0","3562.0","4418.0","3673.0","3244.0","3208.0","3237.0","3285.0","2878.0","2601.0","2052.0","1291.0","778.0"
"35UG","WANSBECK","60792.0","729.0","2889.0","3550.0","4216.0","4386.0","4319.0","4167.0","3857.0","4457.0","3678.0","3386.0","3501.0","3676.0","4040.0","3281.0","2809.0","2075.0","1153.0","623.0"
"36UB","CRAVEN","47699.0","503.0","2040.0","2684.0","2861.0","3742.0","2836.0","2862.0","2984.0","3717.0","3064.0","2645.0","2597.0","2868.0","2935.0","2648.0","2489.0","2036.0","1369.0","819.0"
"36UC","HAMBLETON","75567.0","803.0","3626.0","4530.0","4882.0","5564.0","5221.0","5239.0","4962.0","6105.0","5409.0","4773.0","4389.0","4261.0","4052.0","3524.0","3184.0","2480.0","1509.0","1054.0"
"36UD","HARROGATE","139154.0","1528.0","6046.0","7610.0","8330.0","10854.0","10772.0","9640.0","8672.0","10299.0","9076.0","8116.0","7738.0","7871.0","7564.0","6669.0","6450.0","5538.0","3851.0","2530.0"
"36UE","RICHMONDSHIRE","44848.0","576.0","2300.0","2677.0","2427.0","3983.0","4677.0","4017.0","3102.0","3431.0","2623.0","2338.0","2333.0","2211.0","2157.0","1890.0","1663.0","1238.0","762.0","443.0"
"36UF","RYEDALE","43498.0","471.0","1786.0","2469.0","2225.0","3352.0","2774.0","2734.0","2613.0","3234.0","2853.0","2538.0","2569.0","2708.0","2727.0","2442.0","2329.0","1908.0","1087.0","679.0"
"36UG","SCARBOROUGH","104159.0","1116.0","4502.0","5582.0","6312.0","7800.0","6889.0","6080.0","5992.0","7127.0","6313.0","5885.0","5675.0","5903.0","6400.0","6089.0","5951.0","4898.0","3366.0","2279.0"
"36UH","SELBY","66365.0","804.0","3104.0","3969.0","4481.0","5685.0","5379.0","4535.0","4574.0","5599.0","4700.0","3938.0","3639.0","3448.0","3378.0","2810.0","2532.0","1830.0","1154.0","806.0"
"37UB","ASHFIELD","105995.0","1370.0","5185.0","6389.0","7489.0","8056.0","8478.0","7817.0","7002.0","8035.0","7249.0","6186.0","5612.0","5635.0","5998.0","5113.0","4208.0","3170.0","1903.0","1100.0"
"37UC","BASSETLAW","104864.0","1282.0","5000.0","6458.0","7342.0","8216.0","8268.0","7453.0","7049.0","8166.0","7215.0","6157.0","5807.0","5799.0","5792.0","4824.0","4102.0","3014.0","1882.0","1038.0"
"37UD","BROXTOWE","104535.0","1152.0","4780.0","5968.0","6744.0","7424.0","8918.0","7766.0","7310.0","8533.0","7346.0","6199.0","5726.0","5642.0","5576.0","4839.0","4234.0","3226.0","1875.0","1277.0"
"37UE","GEDLING","110820.0","1275.0","5325.0","6893.0","7744.0","7756.0","8314.0","8181.0","7919.0","9283.0","7648.0","6672.0","6298.0","6200.0","6064.0","4915.0","4124.0","3147.0","1901.0","1161.0"
"37UF","MANSFIELD","100781.0","1408.0","5607.0","6364.0","6971.0","7287.0","8066.0","7683.0","6873.0","7312.0","6483.0","5503.0","5498.0","5580.0","5659.0","4779.0","4057.0","2947.0","1714.0","990.0"
"37UG","NEWARK & SHERWOOD","102636.0","1217.0","4936.0","6432.0","7501.0","8040.0","7518.0","7418.0","6538.0","7771.0","6943.0","6109.0","5693.0","5871.0","5789.0","4612.0","4023.0","3109.0","1945.0","1171.0"
"37UJ","RUSHCLIFFE","94592.0","1051.0","4409.0","5678.0","6435.0","6596.0","7068.0","6782.0","6668.0","7830.0","6698.0","5507.0","5461.0","5296.0","5030.0","4252.0","3661.0","3019.0","1932.0","1219.0"
"38UB","CHERWELL","120285.0","1812.0","7498.0","8339.0","7564.0","9338.0","12007.0","10704.0","9812.0","9814.0","7640.0","6068.0","5402.0","5193.0","5072.0","4469.0","3810.0","2900.0","1713.0","1130.0"
"38UC","OXFORD","128274.0","1466.0","5380.0","6197.0","4567.0","17027.0","20440.0","10743.0","7955.0","7749.0","6337.0","5544.0","5381.0","5737.0","5453.0","4977.0","5000.0","4101.0","2455.0","1765.0"
"38UD","SOUTH OXFORDSHIRE","120631.0","1454.0","5898.0","7340.0","7767.0","10127.0","9747.0","8791.0","8143.0","9773.0","8651.0","7471.0","6710.0","6227.0","6135.0","4912.0","4373.0","3537.0","2186.0","1389.0"
"38UE","VALE OF WHITE HORSE","109173.0","1373.0","5477.0","7156.0","6755.0","9510.0","9154.0","8439.0","7802.0","8767.0","7365.0","6470.0","6002.0","5693.0","5318.0","4332.0","3775.0","2872.0","1762.0","1151.0"
"38UF","WEST OXFORDSHIRE","90123.0","1237.0","4881.0","5915.0","5657.0","6826.0","7807.0","7566.0","6670.0","7492.0","6152.0","4878.0","4646.0","4212.0","4106.0","3716.0","3218.0","2581.0","1584.0","979.0"
"39UB","BRIDGNORTH","52297.0","556.0","2292.0","2981.0","3587.0","4374.0","4054.0","3664.0","3443.0","4412.0","4004.0","3304.0","2980.0","2838.0","2657.0","2122.0","1958.0","1556.0","969.0","546.0"
"39UC","NORTH SHROPSHIRE","51306.0","594.0","2484.0","3126.0","3500.0","4318.0","3793.0","3306.0","3299.0","3840.0","3484.0","2948.0","2870.0","2851.0","2735.0","2441.0","2216.0","1745.0","1135.0","621.0"
"39UD","OSWESTRY","31524.0","384.0","1431.0","2065.0","1791.0","2637.0","2189.0","2088.0","1967.0","2253.0","1988.0","1802.0","1669.0","1763.0","1825.0","1665.0","1472.0","1224.0","728.0","583.0"
"39UE","SHREWSBURY & ATCHAM","92070.0","1141.0","4442.0","5594.0","5552.0","7668.0","7252.0","6865.0","6031.0","6981.0","6173.0","5386.0","4839.0","4886.0","5088.0","4486.0","3935.0","2944.0","1800.0","1007.0"
"39UF","SOUTH SHROPSHIRE","35893.0","357.0","1366.0","1894.0","2183.0","2801.0","2433.0","2140.0","2163.0","2564.0","2361.0","2121.0","2113.0","2126.0","2365.0","2091.0","1871.0","1451.0","924.0","569.0"
"40UB","MENDIP","94729.0","1152.0","4667.0","6114.0","6060.0","8455.0","6581.0","6371.0","6297.0","7583.0","6119.0","5319.0","4801.0","5001.0","5071.0","4304.0","4126.0","3246.0","2048.0","1414.0"
"40UC","SEDGEMOOR","93974.0","1066.0","4299.0","5664.0","6487.0","7163.0","6389.0","5750.0","5856.0","7090.0","6205.0","5478.0","4972.0","5311.0","5704.0","4869.0","4477.0","3500.0","2237.0","1457.0"
"40UD","SOUTH SOMERSET","138855.0","1630.0","6682.0","8349.0","9246.0","10250.0","10235.0","9120.0","9093.0","10629.0","8830.0","7376.0","7117.0","7398.0","7929.0","7410.0","7065.0","5253.0","3188.0","2055.0"
"40UE","TAUNTON DEANE","90916.0","964.0","4007.0","5324.0","5321.0","7885.0","6476.0","6071.0","5858.0","6708.0","5623.0","4822.0","4828.0","5130.0","5340.0","4827.0","4499.0","3485.0","2181.0","1567.0"
"40UF","WEST SOMERSET","30523.0","311.0","1288.0","1467.0","1609.0","2154.0","1658.0","1503.0","1593.0","1951.0","1740.0","1546.0","1696.0","1853.0","2130.0","2160.0","2213.0","1749.0","1112.0","790.0"
"41UB","CANNOCK CHASE","84521.0","1225.0","4588.0","5427.0","6276.0","6203.0","7099.0","6572.0","6273.0","6975.0","5971.0","4943.0","4446.0","4370.0","4293.0","3426.0","2724.0","1950.0","1086.0","674.0"
"41UC","EAST STAFFORDSHIRE","94009.0","1174.0","4611.0","5602.0","6246.0","7839.0","7142.0","6781.0","6120.0","7165.0","6159.0","5460.0","5381.0","5450.0","5235.0","4159.0","3733.0","2868.0","1840.0","1044.0"
"41UD","LICHFIELD","91260.0","1119.0","4536.0","5964.0","7037.0","7213.0","6708.0","6224.0","6224.0","7892.0","7591.0","6190.0","5163.0","4638.0","4220.0","3488.0","2889.0","2074.0","1382.0","708.0"
"41UE","NEWCASTLE-UNDER-LYME","118695.0","1415.0","5596.0","6762.0","7653.0","9188.0","9794.0","8062.0","7458.0","8874.0","7739.0","7092.0","6743.0","6951.0","7010.0","5982.0","5151.0","3847.0","2192.0","1186.0"
"41UF","SOUTH STAFFORDSHIRE","101828.0","1373.0","5203.0","6439.0","7386.0","7249.0","7429.0","7681.0","7457.0","8970.0","8027.0","6851.0","5936.0","5536.0","4858.0","3782.0","3066.0","2308.0","1430.0","847.0"
"41UG","STAFFORD","117480.0","1389.0","5498.0","6960.0","7911.0","9184.0","8688.0","8191.0","7886.0","9512.0","8587.0","7379.0","6702.0","6624.0","6350.0","5193.0","4670.0","3454.0","2045.0","1257.0"
"41UH","STAFFORDSHIRE MOORLANDS","95716.0","1059.0","4570.0","5787.0","6930.0","7002.0","6286.0","6233.0","6426.0","7989.0","7145.0","6034.0","5537.0","5499.0","5417.0","4421.0","3758.0","2862.0","1746.0","1015.0"
"41UK","TAMWORTH","66842.0","1049.0","4686.0","5479.0","5609.0","4409.0","5810.0","5837.0","5802.0","6271.0","4659.0","3427.0","2868.0","2564.0","2500.0","2033.0","1682.0","1159.0","682.0","316.0"
"42UB","BABERGH","78292.0","899.0","3807.0","5152.0","5495.0","6505.0","5209.0","4736.0","5200.0","6358.0","5605.0","4452.0","4143.0","4006.0","4223.0","3766.0","3356.0","2626.0","1739.0","1015.0"
"42UC","FOREST HEATH","53941.0","861.0","3957.0","3499.0","3147.0","2985.0","5853.0","5316.0","4920.0","4363.0","3158.0","2184.0","2055.0","2199.0","2189.0","2168.0","2118.0","1537.0","918.0","514.0"
"42UD","IPSWICH","120309.0","1707.0","6479.0","7536.0","7829.0","9231.0","10417.0","9095.0","8161.0","8304.0","6610.0","6016.0","6107.0","6516.0","6582.0","5808.0","5322.0","4185.0","2664.0","1740.0"
"42UE","MID SUFFOLK","75106.0","902.0","3903.0","4951.0","4810.0","5250.0","5224.0","5049.0","5203.0","5980.0","5129.0","4316.0","4016.0","3970.0","4020.0","3686.0","3323.0","2687.0","1595.0","1092.0"
"42UF","ST EDMUNDSBURY","91079.0","1111.0","4668.0","5982.0","6237.0","7320.0","7416.0","6482.0","6246.0","7382.0","6324.0","5432.0","4458.0","4291.0","4413.0","4124.0","3625.0","2756.0","1714.0","1098.0"
"42UG","SUFFOLK COASTAL","104952.0","1235.0","5704.0","6638.0","6357.0","7637.0","7211.0","7259.0","7258.0","7755.0","6333.0","5273.0","5266.0","5614.0","5928.0","5568.0","5235.0","4105.0","2665.0","1911.0"
"42UH","WAVENEY","104622.0","1191.0","4881.0","6042.0","7045.0","7262.0","6989.0","6229.0","6348.0","7788.0","6831.0","5702.0","5433.0","5794.0","6349.0","6128.0","5745.0","4477.0","2730.0","1658.0"
"43UB","ELMBRIDGE","113502.0","1177.0","5123.0","6379.0","6662.0","8234.0","7807.0","7295.0","7679.0","9023.0","8167.0","6924.0","6659.0","6450.0","6521.0","5636.0","5111.0","4208.0","2631.0","1816.0"
"43UC","EPSOM & EWELL","66842.0","706.0","3113.0","3828.0","3976.0","4888.0","4012.0","3766.0","4359.0","5490.0","4723.0","4090.0","3824.0","3956.0","3903.0","3207.0","3323.0","2838.0","1847.0","993.0"
"43UD","GUILDFORD","126532.0","1489.0","5791.0","7017.0","7414.0","11787.0","11468.0","9593.0","8459.0","9452.0","8048.0","6878.0","6852.0","6976.0","6481.0","5558.0","5107.0","3933.0","2476.0","1753.0"
"43UE","MOLE VALLEY","79138.0","733.0","3130.0","4414.0","4852.0","6206.0","5226.0","4693.0","4786.0","5977.0","5582.0","4860.0","4933.0","5038.0","4637.0","3950.0","3731.0","3140.0","2061.0","1189.0"
"43UF","REIGATE & BANSTEAD","117080.0","1238.0","5229.0","6522.0","7068.0","8858.0","7903.0","8005.0","7893.0","9281.0","7862.0","6521.0","6644.0","7049.0","6863.0","5834.0","5314.0","4268.0","2830.0","1898.0"
"43UG","RUNNYMEDE","71983.0","845.0","3030.0","3638.0","3933.0","6211.0","6275.0","5343.0","4612.0","5123.0","4637.0","4239.0","4440.0","4442.0","4163.0","3398.0","3111.0","2260.0","1421.0","862.0"
"43UH","SPELTHORNE","88684.0","1003.0","3495.0","4701.0","5406.0","6686.0","7015.0","6583.0","5849.0","6647.0","6153.0","5851.0","5841.0","5743.0","5226.0","4127.0","3442.0","2442.0","1501.0","973.0"
"43UJ","SURREY HEATH","76492.0","954.0","3983.0","5244.0","5431.0","6278.0","6056.0","5620.0","5460.0","6547.0","6004.0","5141.0","4751.0","4000.0","3200.0","2434.0","2065.0","1606.0","1024.0","694.0"
"43UK","TANDRIDGE","74909.0","816.0","3430.0","4395.0","4214.0","6367.0","5015.0","4819.0","5022.0","5723.0","5148.0","4517.0","4446.0","4722.0","4293.0","3485.0","3220.0","2564.0","1715.0","998.0"
"43UL","WAVERLEY","114718.0","1156.0","4856.0","7168.0","7000.0","11723.0","7307.0","6754.0","7036.0","8833.0","8017.0","6735.0","6390.0","6024.0","6059.0","5361.0","5214.0","4322.0","2785.0","1978.0"
"43UM","WOKING","86692.0","1154.0","4739.0","5630.0","5557.0","6232.0","7131.0","6936.0","6417.0","6735.0","5845.0","4825.0","4726.0","4664.0","4369.0","3461.0","3105.0","2425.0","1708.0","1033.0"
"44UB","NORTH WARWICKSHIRE","59857.0","755.0","2950.0","3577.0","4440.0","4392.0","4562.0","4472.0","4161.0","5052.0","4400.0","3661.0","3265.0","3249.0","3178.0","2636.0","2162.0","1549.0","876.0","520.0"
"44UC","NUNEATON & BEDWORTH","113756.0","1550.0","6119.0","7317.0","8357.0","8678.0","9010.0","8627.0","7829.0","8882.0","8093.0","6526.0","6161.0","6140.0","6011.0","4921.0","3982.0","2901.0","1647.0","1005.0"
"44UD","RUGBY","84521.0","1052.0","4012.0","5317.0","5771.0","7463.0","6392.0","5680.0","5270.0","6405.0","5966.0","5070.0","4647.0","4597.0","4677.0","3939.0","3321.0","2515.0","1512.0","915.0"
"44UE","STRATFORD-ON-AVON","105125.0","1047.0","4705.0","6038.0","6916.0","7905.0","7236.0","7187.0","6653.0","8372.0","7855.0","6599.0","6189.0","5999.0","5793.0","4959.0","4574.0","3554.0","2176.0","1368.0"
"44UF","WARWICK","118634.0","1374.0","5437.0","6671.0","7467.0","9634.0","9650.0","8729.0","8450.0","8923.0","8117.0","6859.0","6572.0","6702.0","6687.0","5502.0","4698.0","3521.0","2227.0","1414.0"
"45UB","ADUR","58915.0","570.0","2418.0","3119.0","3619.0","4331.0","3726.0","3688.0","3293.0","4305.0","3705.0","3126.0","3165.0","3319.0","3676.0","3580.0","3422.0","2829.0","1800.0","1224.0"
"45UC","ARUN","127500.0","1253.0","5050.0","6289.0","7165.0","7884.0","7928.0","7448.0","6886.0","8117.0","7111.0","6194.0","6052.0","6431.0","8044.0","8975.0","9550.0","8172.0","5333.0","3618.0"
"45UD","CHICHESTER","101783.0","977.0","4130.0","5303.0","5603.0","7851.0","6636.0","5916.0","5591.0","7016.0","6398.0","5664.0","5862.0","6011.0","6471.0","6155.0","6120.0","4902.0","3111.0","2066.0"
"45UE","CRAWLEY","85348.0","1267.0","4441.0","5720.0","5713.0","6516.0","7641.0","7095.0","6572.0","6379.0","4896.0","4301.0","4614.0","5296.0","5038.0","3693.0","2615.0","1804.0","1016.0","731.0"
"45UF","HORSHAM","106182.0","1205.0","5194.0","6560.0","6117.0","9156.0","7253.0","7326.0","7366.0","8483.0","7173.0","5907.0","5675.0","5648.0","5439.0","4862.0","4613.0","3873.0","2538.0","1794.0"
"45UG","MID SUSSEX","122969.0","1409.0","6293.0","7954.0","8013.0","10182.0","7772.0","8556.0","8798.0","10147.0","8778.0","7374.0","6548.0","6543.0","6048.0","5132.0","4836.0","4073.0","2723.0","1790.0"
"45UH","WORTHING","95254.0","932.0","3744.0","4567.0","4879.0","5676.0","6205.0","5572.0","5187.0","5993.0","5144.0","4378.0","4291.0","4616.0","5639.0","6200.0","6934.0","6407.0","4921.0","3969.0"
"46UB","KENNET","68894.0","946.0","3685.0","4445.0","4087.0","6594.0","5825.0","5120.0","4399.0","5201.0","4301.0","3632.0","3521.0","3395.0","3318.0","2908.0","2853.0","2278.0","1474.0","912.0"
"46UC","NORTH WILTSHIRE","107788.0","1323.0","5342.0","6644.0","6936.0","8195.0","9155.0","8416.0","7604.0","8923.0","7353.0","6091.0","5522.0","5353.0","5341.0","4801.0","4201.0","3333.0","1926.0","1329.0"
"46UD","SALISBURY","105240.0","1244.0","4966.0","6144.0","5393.0","9304.0","8918.0","8130.0","7089.0","7564.0","6487.0","5585.0","5580.0","5705.0","5702.0","5117.0","4720.0","3749.0","2331.0","1512.0"
"46UF","WEST WILTSHIRE","102823.0","1233.0","5031.0","6204.0","7097.0","8024.0","7344.0","7044.0","6811.0","8299.0","7109.0","5770.0","5433.0","5282.0","5476.0","5091.0","4562.0","3523.0","2175.0","1315.0"
"47UB","BROMSGROVE","81847.0","859.0","3677.0","5000.0","5218.0","6485.0","5659.0","5489.0","5572.0","6661.0","6071.0","5230.0","5029.0","4971.0","4408.0","3722.0","3172.0","2301.0","1527.0","796.0"
"47UC","MALVERN HILLS","69038.0","693.0","2890.0","4014.0","3898.0","6419.0","3866.0","3895.0","4017.0","5187.0","4789.0","4235.0","4044.0","4159.0","4159.0","3684.0","3444.0","2694.0","1788.0","1163.0"
"47UD","REDDITCH","74790.0","1200.0","5216.0","6312.0","6054.0","4913.0","6514.0","6359.0","6663.0","6767.0","5148.0","3633.0","2943.0","3057.0","2915.0","2520.0","2012.0","1340.0","830.0","394.0"
"47UE","WORCESTER","77536.0","1023.0","3935.0","4696.0","4831.0","6012.0","6763.0","5985.0","5263.0","5718.0","5019.0","4313.0","4148.0","4041.0","4233.0","3700.0","3190.0","2420.0","1400.0","846.0"
"47UF","WYCHAVON","97358.0","1091.0","4630.0","6160.0","6893.0","6973.0","6467.0","6294.0","6404.0","8057.0","7042.0","6063.0","5483.0","5395.0","5540.0","4580.0","4083.0","3093.0","1947.0","1163.0"
"47UG","WYRE FOREST","92716.0","1147.0","4631.0","5934.0","6776.0","6846.0","6580.0","5856.0","6254.0","8132.0","7060.0","5749.0","5009.0","4741.0","4791.0","4102.0","3711.0","2744.0","1660.0","993.0"
"Y21","LONDON","6774202.0","96359.0","344563.0","378936.0","361190.0","497330.0","684438.0","591484.0","489455.0","494169.0","406168.0","360727.0","351367.0","356650.0","350443.0","295222.0","274238.0","217085.0","133929.0","90449.0"
"Y22","MIDLANDS AND EASTERN","14087029.0","183309.0","720800.0","877331.0","954356.0","1099634.0","1136042.0","1026634.0","944256.0","1066401.0","921772.0","793078.0","755402.0","764119.0","761895.0","652468.0","571662.0","432444.0","264187.0","161239.0"
"Y23","NORTH","14310527.0","191667.0","738132.0","877290.0","967175.0","1121936.0","1168923.0","1042895.0","934495.0","1033966.0","879865.0","796915.0","774097.0","792087.0","797996.0","678685.0","601184.0","460348.0","282092.0","170779.0"
"Y24","SOUTH","12015885.0","146281.0","576223.0","711593.0","741551.0","953850.0","960644.0","859941.0","793074.0","901255.0","774067.0","660446.0","630539.0","636320.0","648731.0","583165.0","542526.0","432863.0","278068.0","184748.0"
"Q01","NORFOLK, SUFFOLK AND CAMBRIDGESHIRE","1986517.0","24701.0","100659.0","122896.0","128872.0","150354.0","160183.0","141640.0","134795.0","152083.0","127913.0","107494.0","101568.0","103009.0","106187.0","96243.0","88743.0","69179.0","42874.0","27124.0"
"Q02","BEDFORDSHIRE AND HERTFORDSHIRE","1499872.0","20106.0","78334.0","96818.0","101123.0","116957.0","122047.0","116436.0","105606.0","117680.0","100043.0","86394.0","83670.0","81346.0","76393.0","62069.0","54025.0","40456.0","24613.0","15756.0"
"Q03","ESSEX","1512879.0","19004.0","75700.0","94167.0","104109.0","111707.0","116985.0","109211.0","102313.0","119865.0","101438.0","84861.0","80710.0","81017.0","80812.0","70759.0","63205.0","47912.0","30030.0","19074.0"
"Q04","NORTH WEST LONDON","1647839.0","23168.0","81140.0","88122.0","76944.0","122513.0","179809.0","151329.0","123928.0","122198.0","101230.0","90855.0","86526.0","84113.0","80469.0","67645.0","64192.0","51248.0","31241.0","21169.0"
"Q05","NORTH CENTRAL LONDON","1106029.0","15272.0","55009.0","59274.0","55035.0","80495.0","118041.0","99191.0","82135.0","82098.0","67186.0","58367.0","56354.0","56422.0","54789.0","46761.0","44706.0","36275.0","22959.0","15660.0"
"Q06","NORTH EAST LONDON","1375260.0","21030.0","77203.0","85884.0","83885.0","100623.0","125886.0","114222.0","95359.0","94371.0","77811.0","70942.0","71740.0","75739.0","75505.0","62391.0","55988.0","43203.0","26355.0","17123.0"
"Q07","SOUTH EAST LONDON","1435773.0","20439.0","72887.0","80347.0","79342.0","108490.0","147386.0","124888.0","100224.0","100822.0","83209.0","74584.0","74054.0","77371.0","77218.0","65333.0","58617.0","45103.0","27187.0","18272.0"
"Q08","SOUTH WEST LONDON","1209301.0","16450.0","58324.0","65309.0","65984.0","85209.0","113316.0","101854.0","87809.0","94680.0","76732.0","65979.0","62693.0","63005.0","62462.0","53092.0","50735.0","41256.0","26187.0","18225.0"
"Q09","NORTHUMBERLAND, TYNE & WEAR","1436330.0","18749.0","72104.0","86227.0","93889.0","108626.0","116627.0","106962.0","95422.0","101800.0","84571.0","78846.0","80068.0","83960.0","85374.0","71635.0","60908.0","45847.0","27997.0","16718.0"
"Q10","COUNTY DURHAM AND TEES VALLEY","1157883.0","15739.0","61868.0","74547.0","81385.0","89149.0","94084.0","85536.0","77513.0","84644.0","71333.0","66046.0","64202.0","65817.0","65386.0","53170.0","44078.0","32740.0","19453.0","11193.0"
"Q11","NORTH AND EAST YORKSHIRE AND NORTHERN LINCOLNSHIRE","1544811.0","19241.0","74742.0","91296.0","102259.0","123378.0","120551.0","108324.0","99507.0","114253.0","96920.0","87547.0","84682.0","85950.0","86147.0","74913.0","68207.0","53017.0","33073.0","20804.0"
"Q12","WEST YORKSHIRE","2044734.0","28490.0","109450.0","129237.0","139874.0","164858.0","172285.0","150337.0","135224.0","148113.0","123577.0","110825.0","107172.0","109010.0","109848.0","93062.0","83660.0","64307.0","40195.0","25210.0"
"Q13","CUMBRIA AND LANCASHIRE","1867203.0","23816.0","93798.0","113201.0","125669.0","139838.0","140273.0","128636.0","118595.0","136445.0","117368.0","104813.0","100973.0","103957.0","107007.0","92900.0","85067.0","67400.0","42257.0","25190.0"
"Q14","GREATER MANCHESTER","2554329.0","36454.0","137551.0","158369.0","171730.0","202403.0","219558.0","190384.0","166957.0","184219.0","156976.0","140140.0","133062.0","135389.0","138490.0","118104.0","105642.0","81009.0","48855.0","29037.0"
"Q15","CHESHIRE & MERSEYSIDE","2411148.0","32494.0","125480.0","149394.0","166931.0","189742.0","196218.0","175683.0","156927.0","172440.0","148726.0","136547.0","134084.0","136777.0","131929.0","111290.0","98259.0","74578.0","45405.0","28244.0"
"Q16","THAMES VALLEY","1908632.0","25936.0","102546.0","124899.0","121617.0","164036.0","174608.0","154137.0","139865.0","153001.0","128534.0","107605.0","98459.0","93045.0","86637.0","71586.0","63168.0","49139.0","30283.0","19531.0"
"Q17","HAMPSHIRE AND ISLE OF WIGHT","1658449.0","21057.0","82653.0","99831.0","105275.0","133592.0","144687.0","126827.0","112359.0","126782.0","107420.0","90835.0","85483.0","84711.0","85147.0","75203.0","67864.0","52933.0","33861.0","21929.0"
"Q18","KENT AND MEDWAY","1500627.0","19158.0","74127.0","93033.0","99895.0","117770.0","115493.0","105989.0","98822.0","114578.0","98371.0","83882.0","78818.0","78452.0","79594.0","71826.0","65127.0","51456.0","32938.0","21298.0"
"Q19","SURREY AND SUSSEX","2400564.0","26106.0","105996.0","133317.0","136862.0","185384.0","172390.0","158254.0","152094.0","175909.0","153264.0","132027.0","129347.0","132965.0","136551.0","126759.0","124051.0","103103.0","68783.0","47402.0"
"Q20","AVON, GLOUCESTERSHIRE AND WILTSHIRE","2013033.0","25335.0","97930.0","118594.0","125078.0","162754.0","170260.0","149813.0","135210.0","149663.0","129176.0","110788.0","105547.0","107084.0","109188.0","95191.0","85242.0","66393.0","42041.0","27746.0"
"Q21","SOUTH WEST PENINSULA","1449374.0","16778.0","65218.0","81502.0","88761.0","107174.0","107245.0","94990.0","88271.0","103694.0","90900.0","77921.0","76741.0","79952.0","85965.0","80475.0","76651.0","61679.0","39407.0","26050.0"
"Q22","SOMERSET AND DORSET","1085206.0","11911.0","47753.0","60417.0","64063.0","83140.0","75961.0","69931.0","66453.0","77628.0","66402.0","57388.0","56144.0","60111.0","65649.0","62125.0","60423.0","48160.0","30755.0","20792.0"
"Q23","SOUTH YORKSHIRE","1294089.0","16684.0","63139.0","75019.0","85438.0","103942.0","109327.0","97033.0","84350.0","92052.0","80394.0","72151.0","69854.0","71227.0","73815.0","63611.0","55363.0","41450.0","24857.0","14383.0"
"Q24","TRENT","2485563.0","30835.0","121201.0","148520.0","166405.0","189256.0","199255.0","178228.0","163278.0","186193.0","162584.0","140633.0","134890.0","138798.0","141627.0","121497.0","105154.0","79887.0","48244.0","29078.0"
"Q25","LEICESTERSHIRE, NORTHAMPTONSHIRE AND RUTLAND","1422248.0","19157.0","76062.0","92680.0","97819.0","114731.0","116269.0","106542.0","99194.0","111221.0","93077.0","77709.0","72695.0","72804.0","71666.0","60841.0","54312.0","42093.0","26640.0","16736.0"
"Q26","SHROPSHIRE AND STAFFORDSHIRE","1413027.0","18078.0","71730.0","88077.0","98447.0","110521.0","109854.0","101921.0","96220.0","111725.0","97700.0","83650.0","76960.0","76859.0","75547.0","62949.0","54232.0","40452.0","24145.0","13960.0"
"Q27","BIRMINGHAM AND THE BLACK COUNTRY","2326768.0","33224.0","125025.0","145701.0","159903.0","191180.0","198958.0","170014.0","147089.0","157674.0","141511.0","129331.0","127314.0","131770.0","130503.0","110554.0","93254.0","69152.0","41017.0","23594.0"
"Q28","COVENTRY, WARWICKSHIRE, HEREFORDSHIRE AND WORCESTERSHIRE","1440155.0","18204.0","72089.0","88472.0","97678.0","114928.0","112491.0","102642.0","95761.0","109960.0","97506.0","83006.0","77595.0","78516.0","79160.0","67556.0","58737.0","43313.0","26624.0","15917.0"
